import_id,title,archival_path,page_total,archival_id
ArchivalObject001,,"AdC, Misc. Civil box 235, fascicle 2",,Venetian State Archives,,,,,,,
ArchivalObject002,,"AdC, Misc. Civil box 260, fascicle 20",,Venetian State Archives,,,,,,,
ArchivalObject003,,"AdC, Misto box 3015, fascicle 7",,Venetian State Archives,,,,,,,
ArchivalObject004,,"Alberi, Relazioni box  fascicle I",,Venetian State Archives,,,,,,,
ArchivalObject005,,"Alberi, Relazioni box  fascicle II",,Venetian State Archives,,,,,,,
ArchivalObject006,,"Bailo a Costantinopoli, Busta 250 Fascicolo 330",,Venetian State Archives,,,,,,,
ArchivalObject007,,"Bailo a Costantinopoli, Busta 250 Fascicolo 331",,Venetian State Archives,,,,,,,
ArchivalObject008,,"Bailo a Costantinopoli, Busta 250 Fascicolo 332",,Venetian State Archives,,,,,,,
ArchivalObject009,,"Bailo a Costantinopoli, Busta 250, Fascicolo 330",,Venetian State Archives,,,,,,,
ArchivalObject010,,"Bailo a Costantinopoli, Busta 250, Fascicolo 331",,Venetian State Archives,,,,,,,
ArchivalObject011,,"Bailo a Costantinopoli, Busta 250, Fascicolo 332",,Venetian State Archives,,,,,,,
ArchivalObject012,,"Bailo a Costantinopoli, Busta 251, Fascicolo 334",,Venetian State Archives,,,,,,,
ArchivalObject013,,"Bailo a Costantinopoli, Busta 251, Fascicolo 335",,Venetian State Archives,,,,,,,
ArchivalObject014,,"Bailo a Costantinopoli, Busta 251, Fascicolo 336",,Venetian State Archives,,,,,,,
ArchivalObject015,,"Bailo a Costantinopoli, Busta 251, Fascicolo 337",,Venetian State Archives,,,,,,,
ArchivalObject016,,"Bailo a Costantinopoli, Busta 252, Fascicolo 10",,Venetian State Archives,,,,,,,
ArchivalObject017,,"Bailo a Costantinopoli, Busta 252, Fascicolo 338",,Venetian State Archives,,,,,,,
ArchivalObject018,,"Bailo a Costantinopoli, Busta 252, Fascicolo 340",,Venetian State Archives,,,,,,,
ArchivalObject019,,"Bailo a Costantinopoli, Busta 252, Fascicolo 342",,Venetian State Archives,,,,,,,
ArchivalObject020,,"Bailo a Costantinopoli, Busta 252, Fascicolo 343",,Venetian State Archives,,,,,,,
ArchivalObject021,,"Bailo a Costantinopoli, Busta 263, fascicolo 2.1",,Venetian State Archives,,,,,,,
ArchivalObject022,,"Bailo a Costantinopoli, Busta 263, Fascicolo 2.2",,Venetian State Archives,,,,,,,
ArchivalObject023,,"Bailo a Costantinopoli, Busta 275, Fascicolo 1",,Venetian State Archives,,,,,,,
ArchivalObject024,,"Bailo a Costantinopoli, Busta 275, Fascicolo 2",,Venetian State Archives,,,,,,,
ArchivalObject025,,"Bailo a Costantinopoli, Busta 368F",,Venetian State Archives,,,,,,,
ArchivalObject026,,"Bailo a Costantinopoli, Busta 371",,Venetian State Archives,,,,,,,
ArchivalObject027,,"Bailo a Costantinopoli, Busta 371, Fascicolo 3",,Venetian State Archives,,,,,,,
ArchivalObject028,,"Box 13, Filza LXXIV, poz. broj 120, 120a",,State Archives in Zadar,,,,,,,
ArchivalObject029,,"Box 13, Filza LXXXIII, poz. broj 122",,State Archives in Zadar,,,,,,,
ArchivalObject030,,"Box 13, Filza LXXXIV, broj 1",,State Archives in Zadar,,,,,,,
ArchivalObject031,,"Box 13, Filza LXXXIV, poz. 117, 117a, 117b",,State Archives in Zadar,,,,,,,
ArchivalObject032,,"Box 13, Filza LXXXIV, poz. broj 10",,State Archives in Zadar,,,,,,,
ArchivalObject033,,"Box 13, Filza LXXXIV, poz. broj 102",,State Archives in Zadar,,,,,,,
ArchivalObject034,,"Box 13, Filza LXXXIV, poz. broj 104",,State Archives in Zadar,,,,,,,
ArchivalObject035,,"Box 13, Filza LXXXIV, poz. broj 11",,State Archives in Zadar,,,,,,,
ArchivalObject036,,"Box 13, Filza LXXXIV, poz. broj 110",,State Archives in Zadar,,,,,,,
ArchivalObject037,,"Box 13, Filza LXXXIV, poz. broj 112",,State Archives in Zadar,,,,,,,
ArchivalObject038,,"Box 13, Filza LXXXIV, poz. broj 115",,State Archives in Zadar,,,,,,,
ArchivalObject039,,"Box 13, Filza LXXXIV, poz. broj 116",,State Archives in Zadar,,,,,,,
ArchivalObject040,,"Box 13, Filza LXXXIV, poz. broj 118",,State Archives in Zadar,,,,,,,
ArchivalObject041,,"Box 13, Filza LXXXIV, poz. broj 12",,State Archives in Zadar,,,,,,,
ArchivalObject042,,"Box 13, Filza LXXXIV, poz. broj 123",,State Archives in Zadar,,,,,,,
ArchivalObject043,,"Box 13, Filza LXXXIV, poz. broj 15",,State Archives in Zadar,,,,,,,
ArchivalObject044,,"Box 13, Filza LXXXIV, poz. broj 16",,State Archives in Zadar,,,,,,,
ArchivalObject045,,"Box 13, Filza LXXXIV, poz. broj 19",,State Archives in Zadar,,,,,,,
ArchivalObject046,,"Box 13, Filza LXXXIV, poz. broj 2",,State Archives in Zadar,,,,,,,
ArchivalObject047,,"Box 13, Filza LXXXIV, poz. broj 21",,State Archives in Zadar,,,,,,,
ArchivalObject048,,"Box 13, Filza LXXXIV, poz. broj 22",,State Archives in Zadar,,,,,,,
ArchivalObject049,,"Box 13, Filza LXXXIV, poz. broj 23",,State Archives in Zadar,,,,,,,
ArchivalObject050,,"Box 13, Filza LXXXIV, poz. broj 26",,State Archives in Zadar,,,,,,,
ArchivalObject051,,"Box 13, Filza LXXXIV, poz. broj 27",,State Archives in Zadar,,,,,,,
ArchivalObject052,,"Box 13, Filza LXXXIV, poz. broj 28",,State Archives in Zadar,,,,,,,
ArchivalObject053,,"Box 13, Filza LXXXIV, poz. broj 29",,State Archives in Zadar,,,,,,,
ArchivalObject054,,"Box 13, Filza LXXXIV, poz. broj 3",,State Archives in Zadar,,,,,,,
ArchivalObject055,,"Box 13, Filza LXXXIV, poz. broj 30",,State Archives in Zadar,,,,,,,
ArchivalObject056,,"Box 13, Filza LXXXIV, poz. broj 31",,State Archives in Zadar,,,,,,,
ArchivalObject057,,"Box 13, Filza LXXXIV, poz. broj 32",,State Archives in Zadar,,,,,,,
ArchivalObject058,,"Box 13, Filza LXXXIV, poz. broj 33",,State Archives in Zadar,,,,,,,
ArchivalObject059,,"Box 13, Filza LXXXIV, poz. broj 34",,State Archives in Zadar,,,,,,,
ArchivalObject060,,"Box 13, Filza LXXXIV, poz. broj 36",,State Archives in Zadar,,,,,,,
ArchivalObject061,,"Box 13, Filza LXXXIV, poz. broj 39",,State Archives in Zadar,,,,,,,
ArchivalObject062,,"Box 13, Filza LXXXIV, poz. broj 4",,State Archives in Zadar,,,,,,,
ArchivalObject063,,"Box 13, Filza LXXXIV, poz. broj 41",,State Archives in Zadar,,,,,,,
ArchivalObject064,,"Box 13, Filza LXXXIV, poz. broj 42",,State Archives in Zadar,,,,,,,
ArchivalObject065,,"Box 13, Filza LXXXIV, poz. broj 46",,State Archives in Zadar,,,,,,,
ArchivalObject066,,"Box 13, Filza LXXXIV, poz. broj 5",,State Archives in Zadar,,,,,,,
ArchivalObject067,,"Box 13, Filza LXXXIV, poz. broj 50",,State Archives in Zadar,,,,,,,
ArchivalObject068,,"Box 13, Filza LXXXIV, poz. broj 51",,State Archives in Zadar,,,,,,,
ArchivalObject069,,"Box 13, Filza LXXXIV, poz. broj 52",,State Archives in Zadar,,,,,,,
ArchivalObject070,,"Box 13, Filza LXXXIV, poz. broj 53",,State Archives in Zadar,,,,,,,
ArchivalObject071,,"Box 13, Filza LXXXIV, poz. broj 54",,State Archives in Zadar,,,,,,,
ArchivalObject072,,"Box 13, Filza LXXXIV, poz. broj 57",,State Archives in Zadar,,,,,,,
ArchivalObject073,,"Box 13, Filza LXXXIV, poz. broj 58",,State Archives in Zadar,,,,,,,
ArchivalObject074,,"Box 13, Filza LXXXIV, poz. broj 6",,State Archives in Zadar,,,,,,,
ArchivalObject075,,"Box 13, Filza LXXXIV, poz. broj 60",,State Archives in Zadar,,,,,,,
ArchivalObject076,,"Box 13, Filza LXXXIV, poz. broj 62",,State Archives in Zadar,,,,,,,
ArchivalObject077,,"Box 13, Filza LXXXIV, poz. broj 65",,State Archives in Zadar,,,,,,,
ArchivalObject078,,"Box 13, Filza LXXXIV, poz. broj 69",,State Archives in Zadar,,,,,,,
ArchivalObject079,,"Box 13, Filza LXXXIV, poz. broj 70",,State Archives in Zadar,,,,,,,
ArchivalObject080,,"Box 13, Filza LXXXIV, poz. broj 72",,State Archives in Zadar,,,,,,,
ArchivalObject081,,"Box 13, Filza LXXXIV, poz. broj 74",,State Archives in Zadar,,,,,,,
ArchivalObject082,,"Box 13, Filza LXXXIV, poz. broj 78",,State Archives in Zadar,,,,,,,
ArchivalObject083,,"Box 13, Filza LXXXIV, poz. broj 79",,State Archives in Zadar,,,,,,,
ArchivalObject084,,"Box 13, Filza LXXXIV, poz. broj 80",,State Archives in Zadar,,,,,,,
ArchivalObject085,,"Box 13, Filza LXXXIV, poz. broj 81",,State Archives in Zadar,,,,,,,
ArchivalObject086,,"Box 13, Filza LXXXIV, poz. broj 82",,State Archives in Zadar,,,,,,,
ArchivalObject087,,"Box 13, Filza LXXXIV, poz. broj 87",,State Archives in Zadar,,,,,,,
ArchivalObject088,,"Box 13, Filza LXXXIV, poz. broj 89",,State Archives in Zadar,,,,,,,
ArchivalObject089,,"Box 13, Filza LXXXIV, poz. broj 93",,State Archives in Zadar,,,,,,,
ArchivalObject090,,"Box 13, Filza LXXXIV, poz. broj 95",,State Archives in Zadar,,,,,,,
ArchivalObject091,,"Box 13, Filza LXXXV, poz. broj 1",,State Archives in Zadar,,,,,,,
ArchivalObject092,,"Box 13, Filza LXXXV, poz. broj 2",,State Archives in Zadar,,,,,,,
ArchivalObject093,,"Box 13, Filza LXXXV, poz. broj 3",,State Archives in Zadar,,,,,,,
ArchivalObject094,,"Box 13, Filza LXXXV, poz. broj 4",,State Archives in Zadar,,,,,,,
ArchivalObject095,,"Box 13, Filza LXXXV, poz. broj 5",,State Archives in Zadar,,,,,,,
ArchivalObject096,,"Box 13, Filza LXXXV, poz. broj 6",,State Archives in Zadar,,,,,,,
ArchivalObject097,,"Box 13, Filza LXXXV, poz. broj 7",,State Archives in Zadar,,,,,,,
ArchivalObject098,,"Box 13, Filza LXXXV, poz. broj 8",,State Archives in Zadar,,,,,,,
ArchivalObject099,,"Box 13, LXXXIV, pox. broj 9",,State Archives in Zadar,,,,,,,
ArchivalObject100,,"Box 15, Filza XCVII, poz. broj 4 and 5",,State Archives in Zadar,,,,,,,
ArchivalObject101,,"Box 16, Filza CI, poz. broj 11",,State Archives in Zadar,,,,,,,
ArchivalObject102,,"Box 16, Filza CI, poz. broj 12",,State Archives in Zadar,,,,,,,
ArchivalObject103,,"Box 16, Filza CI, poz. broj 13",,State Archives in Zadar,,,,,,,
ArchivalObject104,,"Box 16, Filza CI, poz. broj 3",,State Archives in Zadar,,,,,,,
ArchivalObject105,,"Box 16, Filza CI, poz. broj 7",,State Archives in Zadar,,,,,,,
ArchivalObject106,,"Box 16, Filza CI, poz. broj 9",,State Archives in Zadar,,,,,,,
ArchivalObject107,,"Box 16, Filza CI, poz. broj. 8",,State Archives in Zadar,,,,,,,
ArchivalObject108,,"Box 17, Filza CIV, poz. broj 52",,State Archives in Zadar,,,,,,,
ArchivalObject109,,"Box 17, Filza CIV, poz. broj 56",,State Archives in Zadar,,,,,,,
ArchivalObject110,,"Box 17, Filza CV, poz. broj 4",,State Archives in Zadar,,,,,,,
ArchivalObject111,,"Box 17, Filza CV, poz. broj 7",,State Archives in Zadar,,,,,,,
ArchivalObject112,,"Box 17, Filza CV, poz. broj 8",,State Archives in Zadar,,,,,,,
ArchivalObject113,,"Box 18, Filza CX, poz. broj 6-8",,State Archives in Zadar,,,,,,,
ArchivalObject114,,"Box 4, Filza XLVIII, poz. broj 1",,State Archives in Zadar,,,,,,,
ArchivalObject115,,"Box 4, Filza XLVIII, poz. broj 2",,State Archives in Zadar,,,,,,,
ArchivalObject116,,"Box 4, Filza XLVIII, poz. broj 3",,State Archives in Zadar,,,,,,,
ArchivalObject117,,"Box 4, Filza XLVIII, poz. broj 4",,State Archives in Zadar,,,,,,,
ArchivalObject118,,"Box 4, Filza XLVIII, poz. broj 5",,State Archives in Zadar,,,,,,,
ArchivalObject119,,"Box 6, Filza LVIII, poz. broj 23",,State Archives in Zadar,,,,,,,
ArchivalObject120,,"Box 6, Filza LVIII, poz. broj 5",,State Archives in Zadar,,,,,,,
ArchivalObject121,,"Box 6, Filza LVIII, poz. broj 8",,State Archives in Zadar,,,,,,,
ArchivalObject122,,"Box 6, Filza LVIII, poz. broj 9",,State Archives in Zadar,,,,,,,
ArchivalObject123,,"Box 6, LVIII, poz. broj 8",,State Archives in Zadar,,,,,,,
ArchivalObject124,,"Box 7, Filza LXVII, poz. broj 1",,State Archives in Zadar,,,,,,,
ArchivalObject125,,"Box 7, Filza LXVII, poz. broj 16",,State Archives in Zadar,,,,,,,
ArchivalObject126,,"Box 7, Filza LXVII, poz. broj 17",,State Archives in Zadar,,,,,,,
ArchivalObject127,,"Box 7, Filza LXVII, poz. broj 19",,State Archives in Zadar,,,,,,,
ArchivalObject128,,"Box 7, Filza LXVII, poz. broj 22",,State Archives in Zadar,,,,,,,
ArchivalObject129,,"Box 7, Filza LXVII, poz. broj 24",,State Archives in Zadar,,,,,,,
ArchivalObject130,,"Box 7, Filza LXVII, poz. broj 25",,State Archives in Zadar,,,,,,,
ArchivalObject131,,"Box 7, Filza LXVII, poz. broj 30",,State Archives in Zadar,,,,,,,
ArchivalObject132,,"Box 7, Filza LXVII, poz. broj 39",,State Archives in Zadar,,,,,,,
ArchivalObject133,,"Box 7, Filza LXVII, poz. broj 41",,State Archives in Zadar,,,,,,,
ArchivalObject134,,"Box 7, Filza LXVII, poz. broj 45",,State Archives in Zadar,,,,,,,
ArchivalObject135,,"Box 7, Filza LXVII, poz. broj 47",,State Archives in Zadar,,,,,,,
ArchivalObject136,,"Box 7, Filza LXVII, poz. broj 49",,State Archives in Zadar,,,,,,,
ArchivalObject137,,"Box 7, Filza LXVII, poz. broj 5",,State Archives in Zadar,,,,,,,
ArchivalObject138,,"Box 7, Filza LXVII, poz. broj 54",,State Archives in Zadar,,,,,,,
ArchivalObject139,,"Box 7, Filza LXVII, poz. broj 55",,State Archives in Zadar,,,,,,,
ArchivalObject140,,"Box 7, Filza LXVII, poz. broj 56",,State Archives in Zadar,,,,,,,
ArchivalObject141,,"Box 7, Filza LXVII, poz. broj 57",,State Archives in Zadar,,,,,,,
ArchivalObject142,,"Box 9, Filza LXXV, poz. broj 50",,State Archives in Zadar,,,,,,,
ArchivalObject143,,"Box 9, Filza LXXV, poz. broj 51",,State Archives in Zadar,,,,,,,
ArchivalObject144,,"Box16, Filza CI, poz. broj 10",,State Archives in Zadar,,,,,,,
ArchivalObject145,,"Box16, Filza CI, poz. broj 4 and 5",,State Archives in Zadar,,,,,,,
ArchivalObject146,,"Boz 13, Filza LXXXIV, poz. broj 106",,State Archives in Zadar,,,,,,,
ArchivalObject147,,"Capi del Consiglio dei Dieci, Lettere di Ambasciatori, Costantinopoli, box 1",,Venetian State Archives,,,,,,,
ArchivalObject148,,"Capi del Consiglio dei Dieci, Lettere di Ambasciatori, Costantinopoli, box 2",,Venetian State Archives,,,,,,,
ArchivalObject149,,"Capi del Consiglio dei Dieci, Lettere di Ambasciatori, Costantinopoli, box 3",,Venetian State Archives,,,,,,,
ArchivalObject150,,"Capi del Consiglio dei Dieci, Lettere di Ambasciatori, Costantinopoli, box 4",,Venetian State Archives,,,,,,,
ArchivalObject151,,"Capi del Consiglio dei Dieci, Lettere di Ambasciatori, Costantinopoli, box 5",,Venetian State Archives,,,,,,,
ArchivalObject152,,"Capi del Consiglio dei Dieci, Lettere di Ambasciatori, Costantinopoli, box 6",,Venetian State Archives,,,,,,,
ArchivalObject153,,"Capi del Consiglio dei Dieci, Lettere di Ambasciatori, Costantinopoli, box 7",,Venetian State Archives,,,,,,,
ArchivalObject154,,"Cinque Savii, Risposte, box 136",,Venetian State Archives,,,,,,,
ArchivalObject155,,"Cinque Savii, Risposte, box 137",,Venetian State Archives,,,,,,,
ArchivalObject156,,"Cinque Savii, Risposte, box 138",,Venetian State Archives,,,,,,,
ArchivalObject157,,"Cinque Savii, Risposte, box 140",,Venetian State Archives,,,,,,,
ArchivalObject158,,"Cinque Savii, Risposte, box 141",,Venetian State Archives,,,,,,,
ArchivalObject159,,"Cinque Savii, Risposte, box 142",,Venetian State Archives,,,,,,,
ArchivalObject160,,"Cinque Savii, Risposte, box 144",,Venetian State Archives,,,,,,,
ArchivalObject161,,"Cinque Savii, Risposte, box 145",,Venetian State Archives,,,,,,,
ArchivalObject162,,"Cinque Savii, Risposte, box 147",,Venetian State Archives,,,,,,,
ArchivalObject163,,"Cinque Savii, Risposte, box 149",,Venetian State Archives,,,,,,,
ArchivalObject164,,"Cinque Savii, Risposte, box 150",,Venetian State Archives,,,,,,,
ArchivalObject165,,"Cinque Savii, Risposte, box 151",,Venetian State Archives,,,,,,,
ArchivalObject166,,"Cinque Savii, Risposte, box 152",,Venetian State Archives,,,,,,,
ArchivalObject167,,"Cinque Savii, Risposte, box 153",,Venetian State Archives,,,,,,,
ArchivalObject168,,"Cinque Savii, Risposte, box 154",,Venetian State Archives,,,,,,,
ArchivalObject169,,"Cinque Savii, Risposte, box 155",,Venetian State Archives,,,,,,,
ArchivalObject170,,"Cinque Savii, Risposte, box 156",,Venetian State Archives,,,,,,,
ArchivalObject171,,"Cinque Savii, seconda serie, box 61, fascicle 1",,Venetian State Archives,,,,,,,
ArchivalObject172,,Citation,,Venetian State Archives,,,,,,,
ArchivalObject173,,"Collegio, Notatorio, Registri, box 22",,Venetian State Archives,,,,,,,
ArchivalObject174,,"Collegio, Risposte di dentro, box 1",,Venetian State Archives,,,,,,,
ArchivalObject175,,"Collegio, Risposte di dentro, box 12",,Venetian State Archives,,,,,,,
ArchivalObject176,,"Collegio, Risposte di dentro, box 18",,Venetian State Archives,,,,,,,
ArchivalObject177,,"Collegio, Risposte di dentro, box 2",,Venetian State Archives,,,,,,,
ArchivalObject178,,"Collegio, Risposte di dentro, box 20",,Venetian State Archives,,,,,,,
ArchivalObject179,,"Collegio, Risposte di dentro, box 21",,Venetian State Archives,,,,,,,
ArchivalObject180,,"Collegio, Risposte di dentro, box 26",,Venetian State Archives,,,,,,,
ArchivalObject181,,"Collegio, Risposte di dentro, box 27",,Venetian State Archives,,,,,,,
ArchivalObject182,,"Collegio, Risposte di dentro, box 29",,Venetian State Archives,,,,,,,
ArchivalObject183,,"Collegio, Risposte di dentro, box 3",,Venetian State Archives,,,,,,,
ArchivalObject184,,"Collegio, Risposte di dentro, box 32",,Venetian State Archives,,,,,,,
ArchivalObject185,,"Collegio, Risposte di dentro, box 33",,Venetian State Archives,,,,,,,
ArchivalObject186,,"Collegio, Risposte di dentro, box 34",,Venetian State Archives,,,,,,,
ArchivalObject187,,"Collegio, Risposte di dentro, box 35",,Venetian State Archives,,,,,,,
ArchivalObject188,,"Collegio, Risposte di dentro, box 36",,Venetian State Archives,,,,,,,
ArchivalObject189,,"Collegio, Risposte di dentro, box 38",,Venetian State Archives,,,,,,,
ArchivalObject190,,"Collegio, Risposte di dentro, box 40",,Venetian State Archives,,,,,,,
ArchivalObject191,,"Collegio, Risposte di dentro, box 41",,Venetian State Archives,,,,,,,
ArchivalObject192,,"Collegio, Risposte di dentro, box 43",,Venetian State Archives,,,,,,,
ArchivalObject193,,"Collegio, Risposte di dentro, box 46",,Venetian State Archives,,,,,,,
ArchivalObject194,,"Collegio, Risposte di dentro, box 5",,Venetian State Archives,,,,,,,
ArchivalObject195,,"Collegio, Risposte di dentro, box 50",,Venetian State Archives,,,,,,,
ArchivalObject196,,"Collegio, Risposte di dentro, box 6",,Venetian State Archives,,,,,,,
ArchivalObject197,,"Collegio, Risposte di dentro, box 60",,Venetian State Archives,,,,,,,
ArchivalObject198,,"Collegio, Risposte di dentro, box 61",,Venetian State Archives,,,,,,,
ArchivalObject199,,"Collegio, Risposte di dentro, box 62",,Venetian State Archives,,,,,,,
ArchivalObject200,,"Collegio, Risposte di dentro, box 64",,Venetian State Archives,,,,,,,
ArchivalObject201,,"Collegio, Risposte di dentro, box 66",,Venetian State Archives,,,,,,,
ArchivalObject202,,"Collegio, Risposte di dentro, box 68",,Venetian State Archives,,,,,,,
ArchivalObject203,,"Collegio, Risposte di dentro, box 7",,Venetian State Archives,,,,,,,
ArchivalObject204,,"Collegio, Risposte di dentro, box 71",,Venetian State Archives,,,,,,,
ArchivalObject205,,"Collegio, Risposte di dentro, box 75",,Venetian State Archives,,,,,,,
ArchivalObject206,,"Collegio, Risposte di dentro, box 8",,Venetian State Archives,,,,,,,
ArchivalObject207,,"Collegio, Suppliche commesse ai Savi, box 530",,Venetian State Archives,,,,,,,
ArchivalObject208,,"Compilazione Leggi, box 146",,Venetian State Archives,,,,,,,
ArchivalObject209,,Correr,,Correr Civic Museum,,,,,,,
ArchivalObject210,,"Correr, Codice Cicogna, box 2709",,Correr Civic Museum,,,,,,,
ArchivalObject211,,"Correr, Codice Cicogna, box 2715, fascicle 22",,Correr Civic Museum,,,,,,,
ArchivalObject212,,"Documenti Turchi, box 12, fascicle 1263, 1265",,Venetian State Archives,,,,,,,
ArchivalObject213,,"Documenti Turchi, box 12, fascicle 1339",,Venetian State Archives,,,,,,,
ArchivalObject214,,"Documenti Turchi, box 12, fascicle 1345",,Venetian State Archives,,,,,,,
ArchivalObject215,,"Documenti Turchi, box 13, fascicle 1455",,Venetian State Archives,,,,,,,
ArchivalObject216,,"Documenti Turchi, box 13, fascicle 1457-8",,Venetian State Archives,,,,,,,
ArchivalObject217,,"Documenti Turchi, box 13, fascicle 1485",,Venetian State Archives,,,,,,,
ArchivalObject218,,"Documenti Turchi, box 13, fascicle 1487-1502",,Venetian State Archives,,,,,,,
ArchivalObject219,,"Documenti Turchi, box 13, fascicle 1501",,Venetian State Archives,,,,,,,
ArchivalObject220,,"Documenti Turchi, box 13, fascicle 1502",,Venetian State Archives,,,,,,,
ArchivalObject221,,"Documenti Turchi, box 15, fascicle 1603",,Venetian State Archives,,,,,,,
ArchivalObject222,,"Documenti Turchi, box 15, fascicle 1604",,Venetian State Archives,,,,,,,
ArchivalObject223,,"Documenti Turchi, box 15, fascicle 1612",,Venetian State Archives,,,,,,,
ArchivalObject224,,"Documenti Turchi, box 17, fascicle 1872, 1874",,Venetian State Archives,,,,,,,
ArchivalObject225,,"Documenti Turchi, box 18, fascicle 1907, 1910",,Venetian State Archives,,,,,,,
ArchivalObject226,,"Documenti Turchi, box 2, fascicle 189",,Venetian State Archives,,,,,,,
ArchivalObject227,,"Documenti Turchi, box 4, fascicle 448",,Venetian State Archives,,,,,,,
ArchivalObject228,,"Documenti Turchi, box 6, fascicle 782-3",,Venetian State Archives,,,,,,,
ArchivalObject229,,"Documenti Turchi, box 6, fascicle 803",,Venetian State Archives,,,,,,,
ArchivalObject230,,"Documenti Turchi, box 7, fascicle 838",,Venetian State Archives,,,,,,,
ArchivalObject231,,"Documenti Turchi, box 7, fascicle 857",,Venetian State Archives,,,,,,,
ArchivalObject232,,"Documenti Turchi, box 7, fascicle 903",,Venetian State Archives,,,,,,,
ArchivalObject233,,"Documenti Turchi, box 8, fascicle 1007-8",,Venetian State Archives,,,,,,,
ArchivalObject234,,"Documenti Turchi, box 8, fascicle 1022",,Venetian State Archives,,,,,,,
ArchivalObject235,,"Documenti Turchi, box 8, fascicle 944",,Venetian State Archives,,,,,,,
ArchivalObject236,,"Documenti Turchi, box 8, fascicle 989",,Venetian State Archives,,,,,,,
ArchivalObject237,,"Documenti Turchi, box 8, fascicle 998-9",,Venetian State Archives,,,,,,,
ArchivalObject238,,"Documenti Turchi, box 9, fascicle 1051",,Venetian State Archives,,,,,,,
ArchivalObject239,,"Documenti Turchi, box 9, fascicle 1057-9",,Venetian State Archives,,,,,,,
ArchivalObject240,,"Documenti Turchi, box 9, fascicle 1072",,Venetian State Archives,,,,,,,
ArchivalObject241,,"Documenti Turchi, box 9, fascicle 1079-1081",,Venetian State Archives,,,,,,,
ArchivalObject242,,"Duca di Candia, box 55, fascicle 3",,Venetian State Archives,,,,,,,
ArchivalObject243,,"Dursteler 2000, box 5",,Venetian State Archives,,,,,,,
ArchivalObject244,,"Filza IX, poz. broj 1",,State Archives in Zadar,,,,,,,
ArchivalObject245,,"Inquisitori di Stato, box 148, fascicle 27",,Venetian State Archives,,,,,,,
ArchivalObject246,,"Inquisitori di Stato, box 416",,Venetian State Archives,,,,,,,
ArchivalObject247,,"Inquisitori di Stato, box 417",,Venetian State Archives,,,,,,,
ArchivalObject248,,"Inquisitori di Stato, box 418",,Venetian State Archives,,,,,,,
ArchivalObject249,,"Inquisitori di Stato, box 516",,Venetian State Archives,,,,,,,
ArchivalObject250,,"IRE, CAT, box G 1, fascicle 8",,Venetian State Archives,,,,,,,
ArchivalObject251,,"Notarile, Atti, box 6052",,Venetian State Archives,,,,,,,
ArchivalObject252,,"Notarile, Atti, box 809",,Venetian State Archives,,,,,,,
ArchivalObject253,,"Notarile, Atti, box 8458",,Venetian State Archives,,,,,,,
ArchivalObject254,,"Notarile, Atti, box 8459",,Venetian State Archives,,,,,,,
ArchivalObject255,,"Notarile, Atti, box 8460",,Venetian State Archives,,,,,,,
ArchivalObject256,,"Notarile, Atti, box 8467",,Venetian State Archives,,,,,,,
ArchivalObject257,,"Notarile, Atti, box 8846",,Venetian State Archives,,,,,,,
ArchivalObject258,,"Notarile, Testamenti, box 10, fascicle 324",,Venetian State Archives,,,,,,,
ArchivalObject259,,"Notarile, Testamenti, box 1209, fascicle 539",,Venetian State Archives,,,,,,,
ArchivalObject260,,"Notarile, Testamenti, box 1245",,Venetian State Archives,,,,,,,
ArchivalObject261,,"Notarile, Testamenti, box 176, fascicle 109",,Venetian State Archives,,,,,,,
ArchivalObject262,,"Notarile, Testamenti, box 261",,Venetian State Archives,,,,,,,
ArchivalObject263,,"Notarile, Testamenti, box 394",,Venetian State Archives,,,,,,,
ArchivalObject264,,"Notarile, Testamenti, box 692, fascicle 392",,Venetian State Archives,,,,,,,
ArchivalObject265,,"Ospedali e luoghi pii diversi, box 86, fascicle GG",,Venetian State Archives,,,,,,,
ArchivalObject266,,"Quarantia Criminale, box 102, fascicle 61",,Venetian State Archives,,,,,,,
ArchivalObject267,,"Quarantia Criminale, box 114, fascicle 142",,Venetian State Archives,,,,,,,
ArchivalObject268,,Register 13,,Ottoman Prime Minister's Archives,,,,,,,
ArchivalObject269,,"Register 13, Folio 01, Column 001, Item 001",,Ottoman Prime Minister's Archives,,,,,,,
ArchivalObject270,,"Register 13, Folio 01, Column 002, Item 001",,Ottoman Prime Minister's Archives,,,,,,,
ArchivalObject271,,"Register 13, Folio 02, Column 002, Item 002",,Ottoman Prime Minister's Archives,,,,,,,
ArchivalObject272,,"Register 13, Folio 02, Column 003, Item 001",,Ottoman Prime Minister's Archives,,,,,,,
ArchivalObject273,,"Register 13, Folio 02, Column 003, Item 002",,Ottoman Prime Minister's Archives,,,,,,,
ArchivalObject274,,"Register 13, Folio 02, Column 003, Item 003",,Ottoman Prime Minister's Archives,,,,,,,
ArchivalObject275,,"Register 13, Folio 02, Column 003, Item 004",,Ottoman Prime Minister's Archives,,,,,,,
ArchivalObject276,,"Register 13, Folio 03, Column 005, Item 001",,Ottoman Prime Minister's Archives,,,,,,,
ArchivalObject277,,"Register 13, Folio 03, Column 006, Item undefined",,Ottoman Prime Minister's Archives,,,,,,,
ArchivalObject278,,"Register 13, Folio 04, Column 42924, Item 001",,Ottoman Prime Minister's Archives,,,,,,,
ArchivalObject279,,"Register 13, Folio 05, Column 42988, Item undefined",,Ottoman Prime Minister's Archives,,,,,,,
ArchivalObject280,,"Register 13, Folio 06, Column 011, Item 001",,Ottoman Prime Minister's Archives,,,,,,,
ArchivalObject281,,"Register 13, Folio 06, Column 011, Item 002",,Ottoman Prime Minister's Archives,,,,,,,
ArchivalObject282,,"Register 13, Folio 06, Column 012, Item 001",,Ottoman Prime Minister's Archives,,,,,,,
ArchivalObject283,,"Register 13, Folio 06, Column 012, Item 002",,Ottoman Prime Minister's Archives,,,,,,,
ArchivalObject284,,"Register 13, Folio 06, Column 012, Item 003",,Ottoman Prime Minister's Archives,,,,,,,
ArchivalObject285,,"Register 13, Folio 07, Column 013, Item 001",,Ottoman Prime Minister's Archives,,,,,,,
ArchivalObject286,,"Register 13, Folio 07, Column 013, Item 002",,Ottoman Prime Minister's Archives,,,,,,,
ArchivalObject287,,"Register 13, Folio 07, Column 013, Item 003",,Ottoman Prime Minister's Archives,,,,,,,
ArchivalObject288,,"Register 13, Folio 07, Column 014, Item 001",,Ottoman Prime Minister's Archives,,,,,,,
ArchivalObject289,,"Register 13, Folio 07, Column 014, Item 002",,Ottoman Prime Minister's Archives,,,,,,,
ArchivalObject290,,"Register 13, Folio 08, Column 015, Item 001",,Ottoman Prime Minister's Archives,,,,,,,
ArchivalObject291,,"Register 13, Folio 08, Column 015, Item 002",,Ottoman Prime Minister's Archives,,,,,,,
ArchivalObject292,,"Register 13, Folio 08, Column 016, Item 001",,Ottoman Prime Minister's Archives,,,,,,,
ArchivalObject293,,"Register 13, Folio 08, Column 016, Item 002",,Ottoman Prime Minister's Archives,,,,,,,
ArchivalObject294,,"Register 13, Folio 08, Column 016, Item 003",,Ottoman Prime Minister's Archives,,,,,,,
ArchivalObject295,,"Register 13, Folio 08, Column 016, Item 004",,Ottoman Prime Minister's Archives,,,,,,,
ArchivalObject296,,"Register 13, Folio 09, Column 017, Item 001",,Ottoman Prime Minister's Archives,,,,,,,
ArchivalObject297,,"Register 13, Folio 09, Column 017, Item 002",,Ottoman Prime Minister's Archives,,,,,,,
ArchivalObject298,,"Register 13, Folio 09, Column 017, Item 003",,Ottoman Prime Minister's Archives,,,,,,,
ArchivalObject299,,"Register 13, Folio 09, Column 018, Item 002",,Ottoman Prime Minister's Archives,,,,,,,
ArchivalObject300,,"Register 13, Folio 09, Column 018, Item 005",,Ottoman Prime Minister's Archives,,,,,,,
ArchivalObject301,,"Register 13, Folio 10, Column 019, Item 001",,Ottoman Prime Minister's Archives,,,,,,,
ArchivalObject302,,"Register 13, Folio 10, Column 019, Item 002",,Ottoman Prime Minister's Archives,,,,,,,
ArchivalObject303,,"Register 13, Folio 10, Column 019, Item 003",,Ottoman Prime Minister's Archives,,,,,,,
ArchivalObject304,,"Register 13, Folio 10, Column 019, Item 004",,Ottoman Prime Minister's Archives,,,,,,,
ArchivalObject305,,"Register 13, Folio 10, Column 020, Item 001",,Ottoman Prime Minister's Archives,,,,,,,
ArchivalObject306,,"Register 13, Folio 10, Column 020, Item 002",,Ottoman Prime Minister's Archives,,,,,,,
ArchivalObject307,,"Register 13, Folio 10, Column 020, Item 004",,Ottoman Prime Minister's Archives,,,,,,,
ArchivalObject308,,"Register 13, Folio 11, Column 021, Item 001",,Ottoman Prime Minister's Archives,,,,,,,
ArchivalObject309,,"Register 13, Folio 11, Column 021, Item 002",,Ottoman Prime Minister's Archives,,,,,,,
ArchivalObject310,,"Register 13, Folio 11, Column 021, Item 003",,Ottoman Prime Minister's Archives,,,,,,,
ArchivalObject311,,"Register 13, Folio 11, Column 021, Item 005",,Ottoman Prime Minister's Archives,,,,,,,
ArchivalObject312,,"Register 13, Folio 11, Column 021, Item 006",,Ottoman Prime Minister's Archives,,,,,,,
ArchivalObject313,,"Register 13, Folio 11, Column 022, Item 001",,Ottoman Prime Minister's Archives,,,,,,,
ArchivalObject314,,"Register 13, Folio 11, Column 022, Item 003",,Ottoman Prime Minister's Archives,,,,,,,
ArchivalObject315,,"Register 13, Folio 11, Column 022, Item 004",,Ottoman Prime Minister's Archives,,,,,,,
ArchivalObject316,,"Register 13, Folio 12, Column 023, Item 001",,Ottoman Prime Minister's Archives,,,,,,,
ArchivalObject317,,"Register 13, Folio 12, Column 023, Item 006",,Ottoman Prime Minister's Archives,,,,,,,
ArchivalObject318,,"Register 13, Folio 12, Column 024, Item 001",,Ottoman Prime Minister's Archives,,,,,,,
ArchivalObject319,,"Register 13, Folio 12, Column 024, Item 002",,Ottoman Prime Minister's Archives,,,,,,,
ArchivalObject320,,"Register 13, Folio 12, Column 024, Item 003",,Ottoman Prime Minister's Archives,,,,,,,
ArchivalObject321,,"Register 13, Folio 12, Column 024, Item 004",,Ottoman Prime Minister's Archives,,,,,,,
ArchivalObject322,,"Register 13, Folio 12, Column 024, Item 089",,Ottoman Prime Minister's Archives,,,,,,,
ArchivalObject323,,"Register 13, Folio 13, Column 025, Item 091",,Ottoman Prime Minister's Archives,,,,,,,
ArchivalObject324,,"Register 13, Folio 13, Column 025, Item 093",,Ottoman Prime Minister's Archives,,,,,,,
ArchivalObject325,,"Register 13, Folio 13, Column 026, Item 094",,Ottoman Prime Minister's Archives,,,,,,,
ArchivalObject326,,"Register 13, Folio 13, Column 026, Item 095",,Ottoman Prime Minister's Archives,,,,,,,
ArchivalObject327,,"Register 13, Folio 13, Column 026, Item 096",,Ottoman Prime Minister's Archives,,,,,,,
ArchivalObject328,,"Register 13, Folio 14, Column 027, Item 098",,Ottoman Prime Minister's Archives,,,,,,,
ArchivalObject329,,"Register 13, Folio 14, Column 027, Item 101",,Ottoman Prime Minister's Archives,,,,,,,
ArchivalObject330,,"Register 13, Folio 14, Column 027, Item 103",,Ottoman Prime Minister's Archives,,,,,,,
ArchivalObject331,,"Register 13, Folio 14, Column 028, Item 104",,Ottoman Prime Minister's Archives,,,,,,,
ArchivalObject332,,"Register 13, Folio 14, Column 028, Item 105",,Ottoman Prime Minister's Archives,,,,,,,
ArchivalObject333,,"Register 13, Folio 14, Column 028, Item 106",,Ottoman Prime Minister's Archives,,,,,,,
ArchivalObject334,,"Register 13, Folio 14, Column 028, Item 108",,Ottoman Prime Minister's Archives,,,,,,,
ArchivalObject335,,"Register 13, Folio 15, Column 029, Item 109",,Ottoman Prime Minister's Archives,,,,,,,
ArchivalObject336,,"Register 13, Folio 15, Column 029, Item 112",,Ottoman Prime Minister's Archives,,,,,,,
ArchivalObject337,,"Register 13, Folio 15, Column 029, Item 118",,Ottoman Prime Minister's Archives,,,,,,,
ArchivalObject338,,"Register 13, Folio 15, Column 030, Item 115",,Ottoman Prime Minister's Archives,,,,,,,
ArchivalObject339,,"Register 13, Folio 16, Column 031, Item 119",,Ottoman Prime Minister's Archives,,,,,,,
ArchivalObject340,,"Register 13, Folio 16, Column 032, Item 124",,Ottoman Prime Minister's Archives,,,,,,,
ArchivalObject341,,"Register 13, Folio 16, Column 032, Item 125",,Ottoman Prime Minister's Archives,,,,,,,
ArchivalObject342,,"Register 13, Folio 17, Column 032, Item 127",,Ottoman Prime Minister's Archives,,,,,,,
ArchivalObject343,,"Register 13, Folio 17, Column 032, Item 128",,Ottoman Prime Minister's Archives,,,,,,,
ArchivalObject344,,"Register 13, Folio 17, Column 034, Item 133",,Ottoman Prime Minister's Archives,,,,,,,
ArchivalObject345,,"Register 13, Folio 17, Column 034, Item 137",,Ottoman Prime Minister's Archives,,,,,,,
ArchivalObject346,,"Register 13, Folio 18, Column 035, Item 138",,Ottoman Prime Minister's Archives,,,,,,,
ArchivalObject347,,"Register 13, Folio 18, Column 035, Item 139",,Ottoman Prime Minister's Archives,,,,,,,
ArchivalObject348,,"Register 13, Folio 18, Column 035, Item 140",,Ottoman Prime Minister's Archives,,,,,,,
ArchivalObject349,,"Register 13, Folio 18, Column 035, Item 143",,Ottoman Prime Minister's Archives,,,,,,,
ArchivalObject350,,"Register 13, Folio 19, Column 038, Item 151",,Ottoman Prime Minister's Archives,,,,,,,
ArchivalObject351,,"Register 13, Folio 19, Column 038, Item 152",,Ottoman Prime Minister's Archives,,,,,,,
ArchivalObject352,,"Register 13, Folio 19, Column 038, Item 153",,Ottoman Prime Minister's Archives,,,,,,,
ArchivalObject353,,"Register 13, Folio 19, Column 038, Item 154",,Ottoman Prime Minister's Archives,,,,,,,
ArchivalObject354,,"Register 13, Folio 20, Column 039, Item 159",,Ottoman Prime Minister's Archives,,,,,,,
ArchivalObject355,,"Register 13, Folio 20, Column 040, Item 161",,Ottoman Prime Minister's Archives,,,,,,,
ArchivalObject356,,"Register 13, Folio 20, Column 040, Item 163",,Ottoman Prime Minister's Archives,,,,,,,
ArchivalObject357,,"Register 13, Folio 20, Column 040, Item 164",,Ottoman Prime Minister's Archives,,,,,,,
ArchivalObject358,,"Register 13, Folio 20, Column 040, Item 165",,Ottoman Prime Minister's Archives,,,,,,,
ArchivalObject359,,"Register 13, Folio 21, Column 041, Item 167",,Ottoman Prime Minister's Archives,,,,,,,
ArchivalObject360,,"Register 13, Folio 21, Column 041, Item 170",,Ottoman Prime Minister's Archives,,,,,,,
ArchivalObject361,,"Register 13, Folio 21, Column 042, Item 174",,Ottoman Prime Minister's Archives,,,,,,,
ArchivalObject362,,"Register 13, Folio 21, Column 042, Item 177",,Ottoman Prime Minister's Archives,,,,,,,
ArchivalObject363,,"Register 13, Folio 22, Column 043, Item 179",,Ottoman Prime Minister's Archives,,,,,,,
ArchivalObject364,,"Register 13, Folio 22, Column 043, Item 180",,Ottoman Prime Minister's Archives,,,,,,,
ArchivalObject365,,"Register 13, Folio 22, Column 043, Item 182",,Ottoman Prime Minister's Archives,,,,,,,
ArchivalObject366,,"Register 13, Folio 22, Column 044, Item 184",,Ottoman Prime Minister's Archives,,,,,,,
ArchivalObject367,,"Register 13, Folio 22, Column 044, Item 186",,Ottoman Prime Minister's Archives,,,,,,,
ArchivalObject368,,"Register 13, Folio 22, Column 044, Item 187",,Ottoman Prime Minister's Archives,,,,,,,
ArchivalObject369,,"Register 13, Folio 23, Column 045, Item 191",,Ottoman Prime Minister's Archives,,,,,,,
ArchivalObject370,,"Register 13, Folio 23, Column 045, Item 193",,Ottoman Prime Minister's Archives,,,,,,,
ArchivalObject371,,"Register 13, Folio 24, Column 047, Item 204",,Ottoman Prime Minister's Archives,,,,,,,
ArchivalObject372,,"Register 13, Folio 24, Column 048, Item 206",,Ottoman Prime Minister's Archives,,,,,,,
ArchivalObject373,,"Register 13, Folio 24, Column 048, Item 208",,Ottoman Prime Minister's Archives,,,,,,,
ArchivalObject374,,"Register 13, Folio 25, Column 049, Item 209",,Ottoman Prime Minister's Archives,,,,,,,
ArchivalObject375,,"Register 13, Folio 25, Column 049, Item 212",,Ottoman Prime Minister's Archives,,,,,,,
ArchivalObject376,,"Register 13, Folio 25, Column 049, Item 213",,Ottoman Prime Minister's Archives,,,,,,,
ArchivalObject377,,"Register 13, Folio 25, Column 049, Item 214",,Ottoman Prime Minister's Archives,,,,,,,
ArchivalObject378,,"Register 13, Folio 25, Column 050, Item 216",,Ottoman Prime Minister's Archives,,,,,,,
ArchivalObject379,,"Register 13, Folio 26, Column 051, Item 218",,Ottoman Prime Minister's Archives,,,,,,,
ArchivalObject380,,"Register 13, Folio 26, Column 051, Item 220",,Ottoman Prime Minister's Archives,,,,,,,
ArchivalObject381,,"Register 13, Folio 26, Column 051, Item 224",,Ottoman Prime Minister's Archives,,,,,,,
ArchivalObject382,,"Register 13, Folio 26, Column 051, Item 225",,Ottoman Prime Minister's Archives,,,,,,,
ArchivalObject383,,"Register 13, Folio 26, Column 051, Item 229",,Ottoman Prime Minister's Archives,,,,,,,
ArchivalObject384,,"Register 13, Folio 26, Column 052, Item 222",,Ottoman Prime Minister's Archives,,,,,,,
ArchivalObject385,,"Register 13, Folio 26, Column 053, Item 232",,Ottoman Prime Minister's Archives,,,,,,,
ArchivalObject386,,"Register 13, Folio 26, Column 053, Item 234",,Ottoman Prime Minister's Archives,,,,,,,
ArchivalObject387,,"Register 13, Folio 27, Column 052, Item 227",,Ottoman Prime Minister's Archives,,,,,,,
ArchivalObject388,,"Register 13, Folio 28, Column 055, Item 237",,Ottoman Prime Minister's Archives,,,,,,,
ArchivalObject389,,"Register 13, Folio 28, Column 055, Item 239",,Ottoman Prime Minister's Archives,,,,,,,
ArchivalObject390,,"Register 13, Folio 28, Column 055, Item 240",,Ottoman Prime Minister's Archives,,,,,,,
ArchivalObject391,,"Register 13, Folio 28, Column 055, Item 241",,Ottoman Prime Minister's Archives,,,,,,,
ArchivalObject392,,"Register 13, Folio 28, Column 056, Item 244",,Ottoman Prime Minister's Archives,,,,,,,
ArchivalObject393,,"Register 13, Folio 28, Column 056, Item 245",,Ottoman Prime Minister's Archives,,,,,,,
ArchivalObject394,,"Register 13, Folio 28, Column 056, Item 246",,Ottoman Prime Minister's Archives,,,,,,,
ArchivalObject395,,"Register 13, Folio 29, Column 057, Item 251",,Ottoman Prime Minister's Archives,,,,,,,
ArchivalObject396,,"Register 13, Folio 29, Column 057, Item 252",,Ottoman Prime Minister's Archives,,,,,,,
ArchivalObject397,,"Register 13, Folio 29, Column 058, Item 253",,Ottoman Prime Minister's Archives,,,,,,,
ArchivalObject398,,"Register 13, Folio 29, Column 058, Item 256",,Ottoman Prime Minister's Archives,,,,,,,
ArchivalObject399,,"Register 13, Folio 29, Column 058, Item 257",,Ottoman Prime Minister's Archives,,,,,,,
ArchivalObject400,,"Register 13, Folio 30, Column 059, Item 259",,Ottoman Prime Minister's Archives,,,,,,,
ArchivalObject401,,"Register 13, Folio 30, Column 059, Item 260",,Ottoman Prime Minister's Archives,,,,,,,
ArchivalObject402,,"Register 13, Folio 30, Column 059, Item 261",,Ottoman Prime Minister's Archives,,,,,,,
ArchivalObject403,,"Register 13, Folio 30, Column 060, Item 264",,Ottoman Prime Minister's Archives,,,,,,,
ArchivalObject404,,"Register 13, Folio 30, Column 060, Item 265",,Ottoman Prime Minister's Archives,,,,,,,
ArchivalObject405,,"Register 13, Folio 30, Column 060, Item 266",,Ottoman Prime Minister's Archives,,,,,,,
ArchivalObject406,,"Register 13, Folio 30, Column 060, Item 268",,Ottoman Prime Minister's Archives,,,,,,,
ArchivalObject407,,"Register 13, Folio 30, Column 060, Item 269",,Ottoman Prime Minister's Archives,,,,,,,
ArchivalObject408,,"Register 13, Folio 30, Column 060, Item 270",,Ottoman Prime Minister's Archives,,,,,,,
ArchivalObject409,,"Register 13, Folio 31, Column 061, Item 271",,Ottoman Prime Minister's Archives,,,,,,,
ArchivalObject410,,"Register 13, Folio 31, Column 061, Item 272",,Ottoman Prime Minister's Archives,,,,,,,
ArchivalObject411,,"Register 13, Folio 31, Column 062, Item 276",,Ottoman Prime Minister's Archives,,,,,,,
ArchivalObject412,,"Register 13, Folio 31, Column 062, Item 279",,Ottoman Prime Minister's Archives,,,,,,,
ArchivalObject413,,"Register 13, Folio 32, Column 062, Item 283",,Ottoman Prime Minister's Archives,,,,,,,
ArchivalObject414,,"Register 13, Folio 32, Column 062, Item 285",,Ottoman Prime Minister's Archives,,,,,,,
ArchivalObject415,,"Register 13, Folio 32, Column 062, Item 286",,Ottoman Prime Minister's Archives,,,,,,,
ArchivalObject416,,"Register 13, Folio 32, Column 062, Item 287",,Ottoman Prime Minister's Archives,,,,,,,
ArchivalObject417,,"Register 13, Folio 32, Column 062, Item 290",,Ottoman Prime Minister's Archives,,,,,,,
ArchivalObject418,,"Register 13, Folio 32, Column 064, Item 291",,Ottoman Prime Minister's Archives,,,,,,,
ArchivalObject419,,"Register 13, Folio 32, Column 064, Item 293",,Ottoman Prime Minister's Archives,,,,,,,
ArchivalObject420,,"Register 13, Folio 32, Column 064, Item 295",,Ottoman Prime Minister's Archives,,,,,,,
ArchivalObject421,,"Register 13, Folio 32, Column 064, Item 296",,Ottoman Prime Minister's Archives,,,,,,,
ArchivalObject422,,"Register 13, Folio 33, Column 065, Item 297",,Ottoman Prime Minister's Archives,,,,,,,
ArchivalObject423,,"Register 13, Folio 33, Column 065, Item 298",,Ottoman Prime Minister's Archives,,,,,,,
ArchivalObject424,,"Register 13, Folio 33, Column 065, Item 299",,Ottoman Prime Minister's Archives,,,,,,,
ArchivalObject425,,"Register 13, Folio 33, Column 065, Item 300",,Ottoman Prime Minister's Archives,,,,,,,
ArchivalObject426,,"Register 13, Folio 33, Column 065, Item 302",,Ottoman Prime Minister's Archives,,,,,,,
ArchivalObject427,,"Register 13, Folio 33, Column 066, Item 303",,Ottoman Prime Minister's Archives,,,,,,,
ArchivalObject428,,"Register 13, Folio 33, Column 066, Item 304",,Ottoman Prime Minister's Archives,,,,,,,
ArchivalObject429,,"Register 13, Folio 33, Column 066, Item 305",,Ottoman Prime Minister's Archives,,,,,,,
ArchivalObject430,,"Register 13, Folio 33, Column 066, Item 307",,Ottoman Prime Minister's Archives,,,,,,,
ArchivalObject431,,"Register 13, Folio 33, Column 066, Item 308",,Ottoman Prime Minister's Archives,,,,,,,
ArchivalObject432,,"Register 13, Folio 33, Column 066, Item 309",,Ottoman Prime Minister's Archives,,,,,,,
ArchivalObject433,,"Register 13, Folio 34, Column 067, Item 311",,Ottoman Prime Minister's Archives,,,,,,,
ArchivalObject434,,"Register 13, Folio 34, Column 067, Item 313",,Ottoman Prime Minister's Archives,,,,,,,
ArchivalObject435,,"Register 13, Folio 34, Column 067, Item 314",,Ottoman Prime Minister's Archives,,,,,,,
ArchivalObject436,,"Register 13, Folio 34, Column 067, Item 315",,Ottoman Prime Minister's Archives,,,,,,,
ArchivalObject437,,"Register 13, Folio 34, Column 068, Item 317",,Ottoman Prime Minister's Archives,,,,,,,
ArchivalObject438,,"Register 13, Folio 34, Column 068, Item 321",,Ottoman Prime Minister's Archives,,,,,,,
ArchivalObject439,,"Register 13, Folio 34, Column 068, Item 322",,Ottoman Prime Minister's Archives,,,,,,,
ArchivalObject440,,"Register 13, Folio 35, Column 069, Item 324",,Ottoman Prime Minister's Archives,,,,,,,
ArchivalObject441,,"Register 13, Folio 35, Column 069, Item 327",,Ottoman Prime Minister's Archives,,,,,,,
ArchivalObject442,,"Register 13, Folio 35, Column 069, Item 328",,Ottoman Prime Minister's Archives,,,,,,,
ArchivalObject443,,"Register 13, Folio 35, Column 070, Item 329",,Ottoman Prime Minister's Archives,,,,,,,
ArchivalObject444,,"Register 13, Folio 35, Column 070, Item 332",,Ottoman Prime Minister's Archives,,,,,,,
ArchivalObject445,,"Register 13, Folio 35, Column 070, Item 334",,Ottoman Prime Minister's Archives,,,,,,,
ArchivalObject446,,"Register 13, Folio 35, Column 070, Item 335",,Ottoman Prime Minister's Archives,,,,,,,
ArchivalObject447,,"Register 13, Folio 36, Column 071, Item 340",,Ottoman Prime Minister's Archives,,,,,,,
ArchivalObject448,,"Register 13, Folio 36, Column 072, Item 344",,Ottoman Prime Minister's Archives,,,,,,,
ArchivalObject449,,"Register 13, Folio 37, Column 072, Item 346",,Ottoman Prime Minister's Archives,,,,,,,
ArchivalObject450,,"Register 13, Folio 37, Column 072, Item 348",,Ottoman Prime Minister's Archives,,,,,,,
ArchivalObject451,,"Register 13, Folio 37, Column 072, Item 350",,Ottoman Prime Minister's Archives,,,,,,,
ArchivalObject452,,"Register 13, Folio 38, Column 075, Item 357",,Ottoman Prime Minister's Archives,,,,,,,
ArchivalObject453,,"Register 13, Folio 38, Column 075, Item 358",,Ottoman Prime Minister's Archives,,,,,,,
ArchivalObject454,,"Register 13, Folio 38, Column 075, Item 361",,Ottoman Prime Minister's Archives,,,,,,,
ArchivalObject455,,"Register 13, Folio 39, Column 077, Item 368",,Ottoman Prime Minister's Archives,,,,,,,
ArchivalObject456,,"Register 13, Folio 39, Column 077, Item 370",,Ottoman Prime Minister's Archives,,,,,,,
ArchivalObject457,,"Register 13, Folio 39, Column 077, Item 371",,Ottoman Prime Minister's Archives,,,,,,,
ArchivalObject458,,"Register 13, Folio 39, Column 077, Item 374",,Ottoman Prime Minister's Archives,,,,,,,
ArchivalObject459,,"Register 13, Folio 39, Column 078, Item 375",,Ottoman Prime Minister's Archives,,,,,,,
ArchivalObject460,,"Register 13, Folio 39, Column 078, Item 378",,Ottoman Prime Minister's Archives,,,,,,,
ArchivalObject461,,"Register 13, Folio 39, Column 078, Item 379",,Ottoman Prime Minister's Archives,,,,,,,
ArchivalObject462,,"Register 13, Folio 40, Column 079, Item 380",,Ottoman Prime Minister's Archives,,,,,,,
ArchivalObject463,,"Register 13, Folio 40, Column 079, Item 382",,Ottoman Prime Minister's Archives,,,,,,,
ArchivalObject464,,"Register 13, Folio 40, Column 079, Item 383",,Ottoman Prime Minister's Archives,,,,,,,
ArchivalObject465,,"Register 13, Folio 40, Column 080, Item 387",,Ottoman Prime Minister's Archives,,,,,,,
ArchivalObject466,,"Register 13, Folio 40, Column 080, Item 388",,Ottoman Prime Minister's Archives,,,,,,,
ArchivalObject467,,"Register 13, Folio 40, Column 080, Item 389",,Ottoman Prime Minister's Archives,,,,,,,
ArchivalObject468,,"Register 13, Folio 40, Column 081, Item 394",,Ottoman Prime Minister's Archives,,,,,,,
ArchivalObject469,,"Register 13, Folio 40, Column 082, Item 401",,Ottoman Prime Minister's Archives,,,,,,,
ArchivalObject470,,"Register 13, Folio 42, Column 083, Item 403",,Ottoman Prime Minister's Archives,,,,,,,
ArchivalObject471,,"Register 13, Folio 42, Column 083, Item 404",,Ottoman Prime Minister's Archives,,,,,,,
ArchivalObject472,,"Register 13, Folio 42, Column 084, Item 411",,Ottoman Prime Minister's Archives,,,,,,,
ArchivalObject473,,"Register 13, Folio 43, Column 085, Item 414",,Ottoman Prime Minister's Archives,,,,,,,
ArchivalObject474,,"Register 13, Folio 43, Column 085, Item 416",,Ottoman Prime Minister's Archives,,,,,,,
ArchivalObject475,,"Register 13, Folio 43, Column 086, Item 420",,Ottoman Prime Minister's Archives,,,,,,,
ArchivalObject476,,"Register 13, Folio 44, Column 087, Item 423",,Ottoman Prime Minister's Archives,,,,,,,
ArchivalObject477,,"Register 13, Folio 44, Column 087, Item 424",,Ottoman Prime Minister's Archives,,,,,,,
ArchivalObject478,,"Register 13, Folio 44, Column 087, Item 425",,Ottoman Prime Minister's Archives,,,,,,,
ArchivalObject479,,"Register 13, Folio 44, Column 087, Item 426",,Ottoman Prime Minister's Archives,,,,,,,
ArchivalObject480,,"Register 13, Folio 44, Column 087, Item 427",,Ottoman Prime Minister's Archives,,,,,,,
ArchivalObject481,,"Register 13, Folio 44, Column 087, Item 429",,Ottoman Prime Minister's Archives,,,,,,,
ArchivalObject482,,"Register 13, Folio 44, Column 088, Item 432",,Ottoman Prime Minister's Archives,,,,,,,
ArchivalObject483,,"Register 13, Folio 44, Column 088, Item 434",,Ottoman Prime Minister's Archives,,,,,,,
ArchivalObject484,,"Register 13, Folio 45, Column 089, Item 438",,Ottoman Prime Minister's Archives,,,,,,,
ArchivalObject485,,"Register 13, Folio 45, Column 089, Item 440",,Ottoman Prime Minister's Archives,,,,,,,
ArchivalObject486,,"Register 13, Folio 45, Column 090, Item 443",,Ottoman Prime Minister's Archives,,,,,,,
ArchivalObject487,,"Register 13, Folio 45, Column 090, Item 444",,Ottoman Prime Minister's Archives,,,,,,,
ArchivalObject488,,"Register 13, Folio 45, Column 090, Item 445",,Ottoman Prime Minister's Archives,,,,,,,
ArchivalObject489,,"Register 13, Folio 46, Column 091, Item 447",,Ottoman Prime Minister's Archives,,,,,,,
ArchivalObject490,,"Register 13, Folio 46, Column 091, Item 449",,Ottoman Prime Minister's Archives,,,,,,,
ArchivalObject491,,"Register 13, Folio 46, Column 091, Item 451",,Ottoman Prime Minister's Archives,,,,,,,
ArchivalObject492,,"Register 13, Folio 46, Column 092, Item 452",,Ottoman Prime Minister's Archives,,,,,,,
ArchivalObject493,,"Register 13, Folio 46, Column 092, Item 453",,Ottoman Prime Minister's Archives,,,,,,,
ArchivalObject494,,"Register 13, Folio 46, Column 092, Item 455",,Ottoman Prime Minister's Archives,,,,,,,
ArchivalObject495,,"Register 13, Folio 46, Column 092, Item 456",,Ottoman Prime Minister's Archives,,,,,,,
ArchivalObject496,,"Register 13, Folio 47, Column 093, Item 458",,Ottoman Prime Minister's Archives,,,,,,,
ArchivalObject497,,"Register 13, Folio 47, Column 093, Item 459",,Ottoman Prime Minister's Archives,,,,,,,
ArchivalObject498,,"Register 13, Folio 47, Column 093, Item 460",,Ottoman Prime Minister's Archives,,,,,,,
ArchivalObject499,,"Register 13, Folio 47, Column 093, Item 462",,Ottoman Prime Minister's Archives,,,,,,,
ArchivalObject500,,"Register 13, Folio 47, Column 093, Item 463",,Ottoman Prime Minister's Archives,,,,,,,
ArchivalObject501,,"Register 13, Folio 47, Column 094, Item 464",,Ottoman Prime Minister's Archives,,,,,,,
ArchivalObject502,,"Register 13, Folio 48, Column 095, Item 468",,Ottoman Prime Minister's Archives,,,,,,,
ArchivalObject503,,"Register 13, Folio 48, Column 095, Item 471",,Ottoman Prime Minister's Archives,,,,,,,
ArchivalObject504,,"Register 13, Folio 48, Column 095, Item 472",,Ottoman Prime Minister's Archives,,,,,,,
ArchivalObject505,,"Register 13, Folio 48, Column 096, Item 473",,Ottoman Prime Minister's Archives,,,,,,,
ArchivalObject506,,"Register 13, Folio 48, Column 096, Item 477",,Ottoman Prime Minister's Archives,,,,,,,
ArchivalObject507,,"Register 13, Folio 49, Column 097, Item 480",,Ottoman Prime Minister's Archives,,,,,,,
ArchivalObject508,,"Register 13, Folio 49, Column 097, Item 481",,Ottoman Prime Minister's Archives,,,,,,,
ArchivalObject509,,"Register 13, Folio 49, Column 097, Item 482",,Ottoman Prime Minister's Archives,,,,,,,
ArchivalObject510,,"Register 13, Folio 49, Column 097, Item 483",,Ottoman Prime Minister's Archives,,,,,,,
ArchivalObject511,,"Register 13, Folio 49, Column 097, Item 484",,Ottoman Prime Minister's Archives,,,,,,,
ArchivalObject512,,"Register 13, Folio 49, Column 098, Item 490",,Ottoman Prime Minister's Archives,,,,,,,
ArchivalObject513,,"Register 13, Folio 49, Column 098, Item 491",,Ottoman Prime Minister's Archives,,,,,,,
ArchivalObject514,,"Register 13, Folio 50, Column 099, Item 493",,Ottoman Prime Minister's Archives,,,,,,,
ArchivalObject515,,"Register 13, Folio 50, Column 100, Item 496",,Ottoman Prime Minister's Archives,,,,,,,
ArchivalObject516,,"Register 13, Folio 50, Column 100, Item 499",,Ottoman Prime Minister's Archives,,,,,,,
ArchivalObject517,,"Register 13, Folio 51, Column 101, Item 501",,Ottoman Prime Minister's Archives,,,,,,,
ArchivalObject518,,"Register 13, Folio 51, Column 102, Item 505",,Ottoman Prime Minister's Archives,,,,,,,
ArchivalObject519,,"Register 13, Folio 53, Column 105, Item 519",,Ottoman Prime Minister's Archives,,,,,,,
ArchivalObject520,,"Register 13, Folio 53, Column 106, Item 523",,Ottoman Prime Minister's Archives,,,,,,,
ArchivalObject521,,"Register 13, Folio 53, Column 106, Item 524",,Ottoman Prime Minister's Archives,,,,,,,
ArchivalObject522,,"Register 13, Folio 55, Column 109, Item 539",,Ottoman Prime Minister's Archives,,,,,,,
ArchivalObject523,,"Register 13, Folio 55, Column 110, Item 544",,Ottoman Prime Minister's Archives,,,,,,,
ArchivalObject524,,"Register 13, Folio 55, Column 110, Item 547",,Ottoman Prime Minister's Archives,,,,,,,
ArchivalObject525,,"Register 13, Folio 55, Column 110, Item 548",,Ottoman Prime Minister's Archives,,,,,,,
ArchivalObject526,,"Register 13, Folio 55, Column 110, Item 550",,Ottoman Prime Minister's Archives,,,,,,,
ArchivalObject527,,"Register 13, Folio 56, Column 111, Item 555",,Ottoman Prime Minister's Archives,,,,,,,
ArchivalObject528,,"Register 13, Folio 56, Column 112, Item 561",,Ottoman Prime Minister's Archives,,,,,,,
ArchivalObject529,,"Register 13, Folio 56, Column 112, Item 562",,Ottoman Prime Minister's Archives,,,,,,,
ArchivalObject530,,"Register 13, Folio 56, Column 112, Item 564",,Ottoman Prime Minister's Archives,,,,,,,
ArchivalObject531,,"Register 13, Folio 56, Column 112, Item 565",,Ottoman Prime Minister's Archives,,,,,,,
ArchivalObject532,,"Register 13, Folio 57, Column 112, Item 567",,Ottoman Prime Minister's Archives,,,,,,,
ArchivalObject533,,"Register 13, Folio 57, Column 114, Item 573",,Ottoman Prime Minister's Archives,,,,,,,
ArchivalObject534,,"Register 13, Folio 58, Column 115, Item 580",,Ottoman Prime Minister's Archives,,,,,,,
ArchivalObject535,,"Register 13, Folio 58, Column 115, Item 581",,Ottoman Prime Minister's Archives,,,,,,,
ArchivalObject536,,"Register 13, Folio 58, Column 116, Item 585",,Ottoman Prime Minister's Archives,,,,,,,
ArchivalObject537,,"Register 13, Folio 58, Column 116, Item 586",,Ottoman Prime Minister's Archives,,,,,,,
ArchivalObject538,,"Register 13, Folio 58, Column 116, Item 589",,Ottoman Prime Minister's Archives,,,,,,,
ArchivalObject539,,"Register 13, Folio 59, Column 118, Item 595",,Ottoman Prime Minister's Archives,,,,,,,
ArchivalObject540,,"Register 13, Folio 60, Column 119, Item 609",,Ottoman Prime Minister's Archives,,,,,,,
ArchivalObject541,,"Register 13, Folio 60, Column 119, Item 610",,Ottoman Prime Minister's Archives,,,,,,,
ArchivalObject542,,"Register 13, Folio 61, Column 122, Item 618",,Ottoman Prime Minister's Archives,,,,,,,
ArchivalObject543,,"Register 13, Folio 62, Column 124, Item 621",,Ottoman Prime Minister's Archives,,,,,,,
ArchivalObject544,,"Register 13, Folio 65, Column 129, Item 633",,Ottoman Prime Minister's Archives,,,,,,,
ArchivalObject545,,"Register 13, Folio 65, Column 130, Item 636",,Ottoman Prime Minister's Archives,,,,,,,
ArchivalObject546,,"Register 13, Folio 68, Column 135, Item 652",,Ottoman Prime Minister's Archives,,,,,,,
ArchivalObject547,,"Register 13, Folio 70, Column 139, Item 662",,Ottoman Prime Minister's Archives,,,,,,,
ArchivalObject548,,"Register 13, Folio 70, Column 139, Item 668",,Ottoman Prime Minister's Archives,,,,,,,
ArchivalObject549,,"Register 13, Folio 75, Column 150, Item 710",,Ottoman Prime Minister's Archives,,,,,,,
ArchivalObject550,,"Register 13, Folio 75, Column 150, Item 714",,Ottoman Prime Minister's Archives,,,,,,,
ArchivalObject551,,"Register 13, Folio 77, Column 150, Item 724",,Ottoman Prime Minister's Archives,,,,,,,
ArchivalObject552,,"Register 13, Folio 78, Column 150, Item 726",,Ottoman Prime Minister's Archives,,,,,,,
ArchivalObject553,,"Register 13, Folio 78, Column 150, Item 729",,Ottoman Prime Minister's Archives,,,,,,,
ArchivalObject554,,"Register 13, Folio 78, Column 150, Item 730",,Ottoman Prime Minister's Archives,,,,,,,
ArchivalObject555,,"Register 13, Folio 79, Column 150, Item 734",,Ottoman Prime Minister's Archives,,,,,,,
ArchivalObject556,,"Register 13, Folio 87, Column 150, Item 791",,Ottoman Prime Minister's Archives,,,,,,,
ArchivalObject557,,"Register 13, Folio 88, Column 150, Item 797",,Ottoman Prime Minister's Archives,,,,,,,
ArchivalObject558,,"Register 13, Folio 90, Column 150, Item 826",,Ottoman Prime Minister's Archives,,,,,,,
ArchivalObject559,,"Register 13, Folio 91, Column 150, Item 830",,Ottoman Prime Minister's Archives,,,,,,,
ArchivalObject560,,"Register 13, Folio 91, Column 150, Item 833",,Ottoman Prime Minister's Archives,,,,,,,
ArchivalObject561,,"Register 13, Folio 92, Column 150, Item 839",,Ottoman Prime Minister's Archives,,,,,,,
ArchivalObject562,,"Register 13, Folio 94, Column 150, Item 850",,Ottoman Prime Minister's Archives,,,,,,,
ArchivalObject563,,"Santo Uffizio, box 65, fascicle 64",,Venetian State Archives,,,,,,,
ArchivalObject564,,"Santo Uffizio, Processi box 105",,Venetian State Archives,,,,,,,
ArchivalObject565,,"Sanuto, Diarii, box 25",,Venetian State Archives,,,,,,,
ArchivalObject566,,"Sanuto, Diarii, box 26",,Venetian State Archives,,,,,,,
ArchivalObject567,,"Sanuto, Diarii, box 29",,Venetian State Archives,,,,,,,
ArchivalObject568,,"Sanuto, Diarii, box 32",,Venetian State Archives,,,,,,,
ArchivalObject569,,"Sanuto, Diarii, box 33",,Venetian State Archives,,,,,,,
ArchivalObject570,,"Sanuto, Diarii, box 37",,Venetian State Archives,,,,,,,
ArchivalObject571,,"Sanuto, Diarii, box 5",,Venetian State Archives,,,,,,,
ArchivalObject572,,"Senato Mar, box 71",,Venetian State Archives,,,,,,,
ArchivalObject573,,"Senato Mar, Filze, box 104",,Venetian State Archives,,,,,,,
ArchivalObject574,,"Senato Mar, Filze, box 128",,Venetian State Archives,,,,,,,
ArchivalObject575,,"Senato Mar, Filze, box 238",,Venetian State Archives,,,,,,,
ArchivalObject576,,"Senato Mar, Filze, box 37",,Venetian State Archives,,,,,,,
ArchivalObject577,,"Senato Mar, Filze, box 419",,Venetian State Archives,,,,,,,
ArchivalObject578,,"Senato Mar, Registri, box 22",,Venetian State Archives,,,,,,,
ArchivalObject579,,"Senato Mar, Registri, box 36",,Venetian State Archives,,,,,,,
ArchivalObject580,,"Senato Mar, Registri, box 37",,Venetian State Archives,,,,,,,
ArchivalObject581,,"Senato Mar, Registri, box 38",,Venetian State Archives,,,,,,,
ArchivalObject582,,"Senato Mar, Registri, box 55",,Venetian State Archives,,,,,,,
ArchivalObject583,,"Senato Mar, Registri, box 87",,Venetian State Archives,,,,,,,
ArchivalObject584,,"Senato Terra, filze, box 105",,Venetian State Archives,,,,,,,
ArchivalObject585,,"Senato Terra, filze, box 141",,Venetian State Archives,,,,,,,
ArchivalObject586,,"Senato, Deliberazioni Costantinopoli, Busta 27 Fascicolo 2",,Venetian State Archives,,,,,,,
ArchivalObject587,,"Senato, Deliberazioni Costantinopoli, Filze box 32",,Venetian State Archives,,,,,,,
ArchivalObject588,,"Senato, Deliberazioni Costantinopoli, Reg 19",,Venetian State Archives,,,,,,,
ArchivalObject589,,"Senato, Deliberazioni Costantinopoli, Registri box 1",,Venetian State Archives,,,,,,,
ArchivalObject590,,"Senato, Deliberazioni Costantinopoli, Registri box 13",,Venetian State Archives,,,,,,,
ArchivalObject591,,"Senato, Deliberazioni Costantinopoli, Registri box 14",,Venetian State Archives,,,,,,,
ArchivalObject592,,"Senato, Deliberazioni Costantinopoli, Registri box 15",,Venetian State Archives,,,,,,,
ArchivalObject593,,"Senato, Deliberazioni Costantinopoli, Registri box 16",,Venetian State Archives,,,,,,,
ArchivalObject594,,"Senato, Deliberazioni Costantinopoli, Registri box 17",,Venetian State Archives,,,,,,,
ArchivalObject595,,"Senato, Deliberazioni Costantinopoli, Registri box 18",,Venetian State Archives,,,,,,,
ArchivalObject596,,"Senato, Deliberazioni Costantinopoli, Registri box 18 fascicle part 2 [1628]",,Venetian State Archives,,,,,,,
ArchivalObject597,,"Senato, Deliberazioni Costantinopoli, Registri box 19",,Venetian State Archives,,,,,,,
ArchivalObject598,,"Senato, Deliberazioni Costantinopoli, Registri box 19 fascicle 2",,Venetian State Archives,,,,,,,
ArchivalObject599,,"Senato, Deliberazioni Costantinopoli, Registri box 23",,Venetian State Archives,,,,,,,
ArchivalObject600,,"Senato, Deliberazioni Costantinopoli, Registri box 23 fascicle 2",,Venetian State Archives,,,,,,,
ArchivalObject601,,"Senato, Deliberazioni Costantinopoli, Registri box 27",,Venetian State Archives,,,,,,,
ArchivalObject602,,"Senato, Deliberazioni Costantinopoli, Registri box 27 fascicle 1 & 2",,Venetian State Archives,,,,,,,
ArchivalObject603,,"Senato, Deliberazioni Costantinopoli, Registri box 27 fascicle 2",,Venetian State Archives,,,,,,,
ArchivalObject604,,"Senato, Deliberazioni Costantinopoli, Registri box 29",,Venetian State Archives,,,,,,,
ArchivalObject605,,"Senato, Deliberazioni Costantinopoli, Registri box 34",,Venetian State Archives,,,,,,,
ArchivalObject606,,"Senato, Deliberazioni Costantinopoli, Registri box 7",,Venetian State Archives,,,,,,,
ArchivalObject607,,"Senato, Dispacci Costantinopoli, box 104",,Venetian State Archives,,,,,,,
ArchivalObject608,,"Senato, Dispacci Costantinopoli, box 11 fascicle 23",,Venetian State Archives,,,,,,,
ArchivalObject609,,"Senato, Dispacci Costantinopoli, box 118",,Venetian State Archives,,,,,,,
ArchivalObject610,,"Senato, Dispacci Costantinopoli, box 123",,Venetian State Archives,,,,,,,
ArchivalObject611,,"Senato, Dispacci Costantinopoli, box 124",,Venetian State Archives,,,,,,,
ArchivalObject612,,"Senato, Dispacci Costantinopoli, box 127",,Venetian State Archives,,,,,,,
ArchivalObject613,,"Senato, Dispacci Costantinopoli, box 132",,Venetian State Archives,,,,,,,
ArchivalObject614,,"Senato, Dispacci Costantinopoli, box 133",,Venetian State Archives,,,,,,,
ArchivalObject615,,"Senato, Dispacci Costantinopoli, box 138",,Venetian State Archives,,,,,,,
ArchivalObject616,,"Senato, Dispacci Costantinopoli, box 139",,Venetian State Archives,,,,,,,
ArchivalObject617,,"Senato, Dispacci Costantinopoli, box 140",,Venetian State Archives,,,,,,,
ArchivalObject618,,"Senato, Dispacci Costantinopoli, box 142",,Venetian State Archives,,,,,,,
ArchivalObject619,,"Senato, Dispacci Costantinopoli, box 144",,Venetian State Archives,,,,,,,
ArchivalObject620,,"Senato, Dispacci Costantinopoli, box 162 fascicle 35",,Venetian State Archives,,,,,,,
ArchivalObject621,,"Senato, Dispacci Costantinopoli, box 2/b fascicle 29",,Venetian State Archives,,,,,,,
ArchivalObject622,,"Senato, Dispacci Costantinopoli, box 2/b fascicle 76",,Venetian State Archives,,,,,,,
ArchivalObject623,,"Senato, Dispacci Costantinopoli, box 28",,Venetian State Archives,,,,,,,
ArchivalObject624,,"Senato, Dispacci Costantinopoli, box 3",,Venetian State Archives,,,,,,,
ArchivalObject625,,"Senato, Dispacci Costantinopoli, box 50",,Venetian State Archives,,,,,,,
ArchivalObject626,,"Senato, Dispacci Costantinopoli, box 61",,Venetian State Archives,,,,,,,
ArchivalObject627,,"Senato, Dispacci Costantinopoli, box 81",,Venetian State Archives,,,,,,,
ArchivalObject628,,"Senato, Dispacci Costantinopoli, box 99",,Venetian State Archives,,,,,,,
ArchivalObject629,,"Senato, Dispacci, Provveditori da Terra et da Mar, box 731-732",,Venetian State Archives,,,,,,,
ArchivalObject630,,"Ufficio della Bolla Ducale, Grazie del Maggior Consiglio, Registri box 10",,Venetian State Archives,,,,,,,
ArchivalObject631,,"Ufficio della Bolla Ducale, Grazie del Maggior Consiglio, Registri box 9",,Venetian State Archives,,,,,,,