doc_id,doc2genre_id,genre,notes
Carte_Turche_01,genredoc0001,hükm,
Carte_Turche_02,genredoc0002,hükm,
Carte_Turche_03,genredoc0003,hükm,
Carte_Turche_04,genredoc0004,hükm,
Carte_Turche_05,genredoc0005,hükm,
Carte_Turche_06,genredoc0006,hükm,
Carte_Turche_07,genredoc0007,hükm,
Carte_Turche_08,genredoc0008,hükm,
Carte_Turche_09,genredoc0009,hükm,
Carte_Turche_10,genredoc0010,hükm,
Carte_Turche_100,genredoc0011,mektub,
Carte_Turche_101,genredoc0012,hükm,
Carte_Turche_102,genredoc0013,hükm,
Carte_Turche_103,genredoc0014,hükm,
Carte_Turche_104,genredoc0015,hükm,
Carte_Turche_105,genredoc0016,hükm,
Carte_Turche_106,genredoc0017,hükm,
Carte_Turche_107,genredoc0018,hükm,
Carte_Turche_108,genredoc0019,hükm,
Carte_Turche_109,genredoc0020,hükm,
Carte_Turche_11,genredoc0021,hükm,
Carte_Turche_110,genredoc0022,hükm,
Carte_Turche_111,genredoc0023,hükm,
Carte_Turche_112,genredoc0024,hükm,
Carte_Turche_113,genredoc0025,hükm,
Carte_Turche_114,genredoc0026,hükm,
Carte_Turche_115,genredoc0027,hükm,
Carte_Turche_116,genredoc0028,hükm,
Carte_Turche_117,genredoc0029,hükm,
Carte_Turche_118,genredoc0030,hükm,
Carte_Turche_119,genredoc0031,hükm,
Carte_Turche_12,genredoc0032,hükm,
Carte_Turche_120,genredoc0033,hükm,
Carte_Turche_121,genredoc0034,hükm,
Carte_Turche_122,genredoc0035,hükm,
Carte_Turche_123,genredoc0036,hükm,
Carte_Turche_124,genredoc0037,hükm,
Carte_Turche_125,genredoc0038,hükm,
Carte_Turche_126,genredoc0039,hükm,
Carte_Turche_127,genredoc0040,hükm,
Carte_Turche_128,genredoc0041,temessük,
Carte_Turche_129,genredoc0042,hükm,
Carte_Turche_13,genredoc0043,hükm,
Carte_Turche_130,genredoc0044,hükm,
Carte_Turche_131,genredoc0045,hükm,
Carte_Turche_132,genredoc0046,hükm,
Carte_Turche_133,genredoc0047,mektub,
Carte_Turche_134,genredoc0048,hükm,
Carte_Turche_135,genredoc0049,hükm,
Carte_Turche_136,genredoc0050,hükm,
Carte_Turche_137,genredoc0051,mektub,
Carte_Turche_138,genredoc0052,hükm,
Carte_Turche_139,genredoc0053,hükm,
Carte_Turche_14,genredoc0054,hükm,
Carte_Turche_140,genredoc0055,hükm,
Carte_Turche_141,genredoc0056,hükm,
Carte_Turche_142,genredoc0057,mektub,
Carte_Turche_143,genredoc0058,hükm,
Carte_Turche_144,genredoc0059,hükm,
Carte_Turche_145,genredoc0060,hükm,
Carte_Turche_146,genredoc0061,hükm,
Carte_Turche_147,genredoc0062,hükm,
Carte_Turche_148,genredoc0063,hükm,
Carte_Turche_149,genredoc0064,hükm,
Carte_Turche_15,genredoc0065,hükm,
Carte_Turche_150,genredoc0066,hükm,
Carte_Turche_151,genredoc0067,hükm,
Carte_Turche_152,genredoc0068,hükm,
Carte_Turche_153,genredoc0069,hükm,
Carte_Turche_154,genredoc0070,hükm,
Carte_Turche_155,genredoc0071,hükm,
Carte_Turche_156,genredoc0072,hükm,
Carte_Turche_157,genredoc0073,hükm,
Carte_Turche_158,genredoc0074,hükm,
Carte_Turche_159,genredoc0075,hükm,
Carte_Turche_16,genredoc0076,hükm,
Carte_Turche_160,genredoc0077,hükm,
Carte_Turche_161,genredoc0078,hükm,
Carte_Turche_162,genredoc0079,hükm,
Carte_Turche_163,genredoc0080,hükm,
Carte_Turche_164,genredoc0081,hükm,
Carte_Turche_165,genredoc0082,hükm,
Carte_Turche_166,genredoc0083,hükm,
Carte_Turche_167,genredoc0084,hükm,
Carte_Turche_168,genredoc0085,temessük,
Carte_Turche_169,genredoc0086,hükm,
Carte_Turche_17,genredoc0087,hükm,
Carte_Turche_170,genredoc0088,hükm,
Carte_Turche_171,genredoc0089,nişan,
Carte_Turche_172,genredoc0090,hükm,
Carte_Turche_173,genredoc0091,hükm,
Carte_Turche_174,genredoc0092,hükm,
Carte_Turche_175,genredoc0093,hükm,
Carte_Turche_176,genredoc0094,hükm,
Carte_Turche_177,genredoc0095,hükm,
Carte_Turche_178,genredoc0096,hükm,
Carte_Turche_179,genredoc0097,hükm,
Carte_Turche_18,genredoc0098,hükm,
Carte_Turche_180,genredoc0099,hükm,
Carte_Turche_181,genredoc0100,hükm,
Carte_Turche_182,genredoc0101,hükm,
Carte_Turche_183,genredoc0102,hükm,
Carte_Turche_184,genredoc0103,hükm,
Carte_Turche_185,genredoc0104,hükm,
Carte_Turche_186,genredoc0105,hükm,
Carte_Turche_187,genredoc0106,hükm,
Carte_Turche_188,genredoc0107,hükm,
Carte_Turche_189,genredoc0108,hükm,
Carte_Turche_19,genredoc0109,hükm,
Carte_Turche_190,genredoc0110,mektub,
Carte_Turche_191,genredoc0111,mektub,
Carte_Turche_192,genredoc0112,hükm,
Carte_Turche_193,genredoc0113,hükm,
Carte_Turche_194,genredoc0114,hükm,
Carte_Turche_195,genredoc0115,hükm,
Carte_Turche_196,genredoc0116,hükm,
Carte_Turche_197,genredoc0117,hükm,
Carte_Turche_198,genredoc0118,hükm,
Carte_Turche_199,genredoc0119,hükm,
Carte_Turche_20,genredoc0120,hükm,
Carte_Turche_200,genredoc0121,hükm,
Carte_Turche_201,genredoc0122,hükm,
Carte_Turche_202,genredoc0123,hükm,
Carte_Turche_203,genredoc0124,hükm,
Carte_Turche_204,genredoc0125,hükm,
Carte_Turche_205,genredoc0126,hükm,
Carte_Turche_206,genredoc0127,mektub,
Carte_Turche_207,genredoc0128,hükm,
Carte_Turche_208,genredoc0129,hükm,
Carte_Turche_209,genredoc0130,hükm,
Carte_Turche_21,genredoc0131,hükm,
Carte_Turche_210,genredoc0132,hükm,
Carte_Turche_211,genredoc0133,hükm,
Carte_Turche_212,genredoc0134,hükm,
Carte_Turche_213,genredoc0135,hükm,
Carte_Turche_214,genredoc0136,hükm,
Carte_Turche_215,genredoc0137,hükm,
Carte_Turche_216,genredoc0138,hükm,
Carte_Turche_217,genredoc0139,hükm,
Carte_Turche_218,genredoc0140,hükm,
Carte_Turche_219,genredoc0141,hükm,
Carte_Turche_22,genredoc0142,hükm,
Carte_Turche_220,genredoc0143,hükm,
Carte_Turche_221,genredoc0144,hükm,
Carte_Turche_222,genredoc0145,hükm,
Carte_Turche_223,genredoc0146,hükm,
Carte_Turche_224,genredoc0147,hükm,
Carte_Turche_225,genredoc0148,hükm,
Carte_Turche_226,genredoc0149,hükm,
Carte_Turche_227,genredoc0150,hükm,
Carte_Turche_228,genredoc0151,hükm,
Carte_Turche_229,genredoc0152,hükm,
Carte_Turche_23,genredoc0153,hükm,
Carte_Turche_230,genredoc0154,hükm,
Carte_Turche_231,genredoc0155,hükm,
Carte_Turche_232,genredoc0156,hükm,
Carte_Turche_233,genredoc0157,hükm,
Carte_Turche_234,genredoc0158,hükm,
Carte_Turche_235,genredoc0159,hükm,
Carte_Turche_236,genredoc0160,hükm,
Carte_Turche_237,genredoc0161,hükm,
Carte_Turche_238,genredoc0162,mektub,
Carte_Turche_239,genredoc0163,hükm,
Carte_Turche_24,genredoc0164,hükm,
Carte_Turche_240,genredoc0165,hükm,
Carte_Turche_241,genredoc0166,hükm,
Carte_Turche_242,genredoc0167,hükm,
Carte_Turche_243,genredoc0168,hükm,
Carte_Turche_244,genredoc0169,hükm,
Carte_Turche_245,genredoc0170,hükm,
Carte_Turche_246,genredoc0171,hükm,
Carte_Turche_247,genredoc0172,hükm,
Carte_Turche_248,genredoc0173,hükm,
Carte_Turche_249,genredoc0174,hükm,
Carte_Turche_25,genredoc0175,hükm,
Carte_Turche_250,genredoc0176,mektub,
Carte_Turche_251,genredoc0177,mektub,
Carte_Turche_252,genredoc0178,hükm,
Carte_Turche_253,genredoc0179,mektub,
Carte_Turche_254,genredoc0180,hükm,
Carte_Turche_255,genredoc0181,hükm,
Carte_Turche_256,genredoc0182,hükm,
Carte_Turche_257,genredoc0183,mektub,
Carte_Turche_258,genredoc0184,hükm,
Carte_Turche_259,genredoc0185,hükm,
Carte_Turche_26,genredoc0186,hükm,
Carte_Turche_260,genredoc0187,hükm,
Carte_Turche_261,genredoc0188,fetva,
Carte_Turche_262,genredoc0189,mektub,
Carte_Turche_263,genredoc0190,hükm,
Carte_Turche_264,genredoc0191,mektub,
Carte_Turche_265,genredoc0192,mektub,
Carte_Turche_266,genredoc0193,hükm,
Carte_Turche_267,genredoc0194,mektub,
Carte_Turche_268,genredoc0195,hükm,
Carte_Turche_269,genredoc0196,mektub,
Carte_Turche_27,genredoc0197,hükm,
Carte_Turche_270,genredoc0198,hükm,
Carte_Turche_271,genredoc0199,hükm,
Carte_Turche_272,genredoc0200,hükm,
Carte_Turche_273,genredoc0201,hükm,
Carte_Turche_274,genredoc0202,hükm,
Carte_Turche_275,genredoc0203,hükm,
Carte_Turche_276,genredoc0204,hükm,
Carte_Turche_277,genredoc0205,hükm,
Carte_Turche_278,genredoc0206,mektub,
Carte_Turche_279,genredoc0207,hükm,
Carte_Turche_28,genredoc0208,hükm,
Carte_Turche_280,genredoc0209,hükm,
Carte_Turche_281,genredoc0210,hükm,
Carte_Turche_282,genredoc0211,hükm,
Carte_Turche_283,genredoc0212,hükm,
Carte_Turche_284,genredoc0213,hükm,
Carte_Turche_285,genredoc0214,hükm,
Carte_Turche_286,genredoc0215,hükm,
Carte_Turche_287,genredoc0216,hükm,
Carte_Turche_288,genredoc0217,mektub,
Carte_Turche_289,genredoc0218,hükm,
Carte_Turche_29,genredoc0219,hükm,
Carte_Turche_290,genredoc0220,hükm,
Carte_Turche_291,genredoc0221,hükm,
Carte_Turche_292,genredoc0222,hükm,
Carte_Turche_293,genredoc0223,hükm,
Carte_Turche_294,genredoc0224,tezkire,
Carte_Turche_295,genredoc0225,nişan; berat,
Carte_Turche_296,genredoc0226,mektub,
Carte_Turche_297,genredoc0227,hükm,
Carte_Turche_298,genredoc0228,hüccet,
Carte_Turche_299,genredoc0229,hüccet,
Carte_Turche_30,genredoc0230,hükm,
Carte_Turche_300,genredoc0231,temessük,
Carte_Turche_301,genredoc0232,hükm,
Carte_Turche_302,genredoc0233,hükm,
Carte_Turche_303,genredoc0234,hükm,
Carte_Turche_304,genredoc0235,tezkire,
Carte_Turche_305,genredoc0236,mektub,
Carte_Turche_306,genredoc0237,hükm,
Carte_Turche_307,genredoc0238,hükm,
Carte_Turche_308,genredoc0239,mektub,
Carte_Turche_309,genredoc0240,temessük,
Carte_Turche_31,genredoc0241,hükm,
Carte_Turche_310,genredoc0242,hükm,
Carte_Turche_311,genredoc0243,hükm,
Carte_Turche_312,genredoc0244,hükm,
Carte_Turche_313,genredoc0245,tezkire,
Carte_Turche_314,genredoc0246,hükm,
Carte_Turche_315,genredoc0247,hükm,
Carte_Turche_316,genredoc0248,hükm,
Carte_Turche_317,genredoc0249,hükm,
Carte_Turche_318,genredoc0250,hükm,
Carte_Turche_319,genredoc0251,sicil,
Carte_Turche_32,genredoc0252,hükm,
Carte_Turche_320,genredoc0253,hükm,
Carte_Turche_321,genredoc0254,hükm,
Carte_Turche_322,genredoc0255,hükm,
Carte_Turche_323,genredoc0256,hükm,
Carte_Turche_324,genredoc0257,hükm,
Carte_Turche_325,genredoc0258,mektub,
Carte_Turche_326,genredoc0259,hükm,
Carte_Turche_327,genredoc0260,hükm,
Carte_Turche_328,genredoc0261,temessük,
Carte_Turche_329,genredoc0262,mektub,
Carte_Turche_33,genredoc0263,hükm,
Carte_Turche_330,genredoc0264,hükm,
Carte_Turche_331,genredoc0265,hükm,
Carte_Turche_332,genredoc0266,hükm,
Carte_Turche_333,genredoc0267,hükm,
Carte_Turche_334,genredoc0268,hükm,
Carte_Turche_335,genredoc0269,hükm,
Carte_Turche_336,genredoc0270,hükm,
Carte_Turche_337,genredoc0271,hükm,
Carte_Turche_338,genredoc0272,hükm,
Carte_Turche_339,genredoc0273,hükm,
Carte_Turche_34,genredoc0274,hükm,
Carte_Turche_340,genredoc0275,hükm,
Carte_Turche_341,genredoc0276,hükm,
Carte_Turche_342,genredoc0277,arz,
Carte_Turche_343,genredoc0278,hükm,
Carte_Turche_344,genredoc0279,hükm,
Carte_Turche_345,genredoc0280,hükm,
Carte_Turche_346,genredoc0281,hükm,
Carte_Turche_347,genredoc0282,tekzire,vesika
Carte_Turche_348,genredoc0283,hükm,
Carte_Turche_349,genredoc0284,hükm,
Carte_Turche_35,genredoc0285,hükm,
Carte_Turche_350,genredoc0286,hükm,
Carte_Turche_351,genredoc0287,hükm,
Carte_Turche_352,genredoc0288,hükm,
Carte_Turche_353,genredoc0289,hükm,
Carte_Turche_354,genredoc0290,hükm,
Carte_Turche_355,genredoc0291,hükm,
Carte_Turche_356,genredoc0292,hükm; temessük,
Carte_Turche_357,genredoc0293,hükm,
Carte_Turche_358,genredoc0294,hükm,
Carte_Turche_359,genredoc0295,hükm,
Carte_Turche_36,genredoc0296,hükm,
Carte_Turche_360,genredoc0297,hükm,
Carte_Turche_361,genredoc0298,hükm,
Carte_Turche_362,genredoc0299,hükm,
Carte_Turche_363,genredoc0300,hükm,
Carte_Turche_364,genredoc0301,mektub,
Carte_Turche_365,genredoc0302,hükm,
Carte_Turche_366,genredoc0303,hükm,
Carte_Turche_367,genredoc0304,hükm,
Carte_Turche_368,genredoc0305,mektub,
Carte_Turche_369,genredoc0306,mektub,
Carte_Turche_37,genredoc0307,hükm,
Carte_Turche_370,genredoc0308,hükm,
Carte_Turche_371,genredoc0309,hükm,
Carte_Turche_372,genredoc0310,berat,
Carte_Turche_373,genredoc0311,hükm,
Carte_Turche_374,genredoc0312,hükm,
Carte_Turche_375,genredoc0313,hükm,
Carte_Turche_376,genredoc0314,hükm,
Carte_Turche_377,genredoc0315,mektub,
Carte_Turche_378,genredoc0316,hükm,
Carte_Turche_379,genredoc0317,mektub,
Carte_Turche_38,genredoc0318,hükm,
Carte_Turche_380,genredoc0319,hükm,
Carte_Turche_381,genredoc0320,hükm,
Carte_Turche_382,genredoc0321,hükm,
Carte_Turche_383,genredoc0322,hükm,
Carte_Turche_384,genredoc0323,hükm,
Carte_Turche_385,genredoc0324,hükm,
Carte_Turche_386,genredoc0325,hükm,
Carte_Turche_387,genredoc0326,hükm,
Carte_Turche_388,genredoc0327,mektub,
Carte_Turche_389,genredoc0328,hükm,
Carte_Turche_39,genredoc0329,hükm,
Carte_Turche_390,genredoc0330,hükm,
Carte_Turche_391,genredoc0331,hükm,
Carte_Turche_392,genredoc0332,hükm,
Carte_Turche_393,genredoc0333,mektub,
Carte_Turche_394,genredoc0334,mektub,
Carte_Turche_395,genredoc0335,hükm,
Carte_Turche_396,genredoc0336,hükm,
Carte_Turche_397,genredoc0337,mektub,
Carte_Turche_398,genredoc0338,hükm,
Carte_Turche_399,genredoc0339,mektub,
Carte_Turche_40,genredoc0340,hükm,
Carte_Turche_400,genredoc0341,mektub,
Carte_Turche_401,genredoc0342,mektub,
Carte_Turche_402,genredoc0343,hükm,
Carte_Turche_403,genredoc0344,hükm,
Carte_Turche_404,genredoc0345,mektub,
Carte_Turche_405,genredoc0346,hükm,
Carte_Turche_406,genredoc0347,tezkire,
Carte_Turche_407,genredoc0348,hükm,
Carte_Turche_408,genredoc0349,mektub,
Carte_Turche_409,genredoc0350,mektub,
Carte_Turche_41,genredoc0351,hükm,
Carte_Turche_410,genredoc0352,hükm,
Carte_Turche_411,genredoc0353,mektub,
Carte_Turche_412,genredoc0354,hükm,
Carte_Turche_413,genredoc0355,hükm,
Carte_Turche_414,genredoc0356,mektub,
Carte_Turche_415,genredoc0357,mektub,
Carte_Turche_416,genredoc0358,hükm,
Carte_Turche_417,genredoc0359,hükm,
Carte_Turche_418,genredoc0360,hükm,
Carte_Turche_419,genredoc0361,mektub,
Carte_Turche_42,genredoc0362,hükm,
Carte_Turche_420,genredoc0363,hükm,
Carte_Turche_421,genredoc0364,mektub,
Carte_Turche_422,genredoc0365,hükm,
Carte_Turche_423,genredoc0366,mektub,
Carte_Turche_424,genredoc0367,hükm,
Carte_Turche_425,genredoc0368,mektub,
Carte_Turche_426,genredoc0369,temessük,
Carte_Turche_427,genredoc0370,hükm,
Carte_Turche_428,genredoc0371,mektub,
Carte_Turche_429,genredoc0372,mektub,
Carte_Turche_43,genredoc0373,hükm,
Carte_Turche_430,genredoc0374,hükm,
Carte_Turche_431,genredoc0375,mektub,
Carte_Turche_432,genredoc0376,mektub,
Carte_Turche_433,genredoc0377,mektub,
Carte_Turche_434,genredoc0378,hükm,
Carte_Turche_435,genredoc0379,hükm,
Carte_Turche_436,genredoc0380,hükm,
Carte_Turche_437,genredoc0381,mektub,
Carte_Turche_438,genredoc0382,hükm,
Carte_Turche_439,genredoc0383,hükm,
Carte_Turche_44,genredoc0384,hükm,
Carte_Turche_440,genredoc0385,hükm,
Carte_Turche_441,genredoc0386,hükm,
Carte_Turche_442,genredoc0387,tezkire,
Carte_Turche_443,genredoc0388,nişan,
Carte_Turche_444,genredoc0389,hükm,
Carte_Turche_445,genredoc0390,hükm,
Carte_Turche_446,genredoc0391,hükm,
Carte_Turche_447,genredoc0392,mektub,
Carte_Turche_448,genredoc0393,mektub,
Carte_Turche_449,genredoc0394,hükm,
Carte_Turche_45,genredoc0395,hükm,
Carte_Turche_450,genredoc0396,hükm,
Carte_Turche_451,genredoc0397,hükm,
Carte_Turche_452,genredoc0398,hükm,
Carte_Turche_453,genredoc0399,hükm,
Carte_Turche_454,genredoc0400,hükm,
Carte_Turche_455,genredoc0401,hükm,
Carte_Turche_456,genredoc0402,hükm,
Carte_Turche_457,genredoc0403,hükm,
Carte_Turche_458,genredoc0404,mektub,
Carte_Turche_459,genredoc0405,mektub,
Carte_Turche_46,genredoc0406,hükm,
Carte_Turche_460,genredoc0407,fetva,
Carte_Turche_461,genredoc0408,mektub,
Carte_Turche_462,genredoc0409,temessük,
Carte_Turche_463,genredoc0410,temessük,
Carte_Turche_464,genredoc0411,hükm,
Carte_Turche_465,genredoc0412,fetva,
Carte_Turche_466,genredoc0413,hükm,
Carte_Turche_467,genredoc0414,hükm,
Carte_Turche_468,genredoc0415,hükm,
Carte_Turche_469,genredoc0416,hükm,
Carte_Turche_47,genredoc0417,hükm,
Carte_Turche_470,genredoc0418,hükm,
Carte_Turche_471,genredoc0419,hükm,
Carte_Turche_472,genredoc0420,hükm,
Carte_Turche_473,genredoc0421,hükm,
Carte_Turche_474,genredoc0422,mektub,
Carte_Turche_475,genredoc0423,mektub,
Carte_Turche_476,genredoc0424,mektub,
Carte_Turche_477,genredoc0425,hükm,
Carte_Turche_478,genredoc0426,mektub,
Carte_Turche_479,genredoc0427,mektub,
Carte_Turche_48,genredoc0428,arz,
Carte_Turche_480,genredoc0429,hükm,
Carte_Turche_481,genredoc0430,hükm,
Carte_Turche_482,genredoc0431,hükm,
Carte_Turche_483,genredoc0432,hükm,
Carte_Turche_484,genredoc0433,temessük,
Carte_Turche_485,genredoc0434,hükm,
Carte_Turche_486,genredoc0435,mektub,
Carte_Turche_487,genredoc0436,mektub,
Carte_Turche_488,genredoc0437,mektub,
Carte_Turche_489,genredoc0438,hükm,
Carte_Turche_49,genredoc0439,hükm,
Carte_Turche_490,genredoc0440,mektub,
Carte_Turche_491,genredoc0441,mektub,
Carte_Turche_492,genredoc0442,mektub,
Carte_Turche_493,genredoc0443,hükm,
Carte_Turche_494,genredoc0444,temessük,
Carte_Turche_495,genredoc0445,temessük,
Carte_Turche_496,genredoc0446,hükm,
Carte_Turche_497,genredoc0447,mektub,
Carte_Turche_498,genredoc0448,hükm,
Carte_Turche_499,genredoc0449,hükm,
Carte_Turche_50,genredoc0450,hükm,
Carte_Turche_500,genredoc0451,hükm,
Carte_Turche_501,genredoc0452,hükm,
Carte_Turche_502,genredoc0453,mektub,
Carte_Turche_503,genredoc0454,mektub,
Carte_Turche_504,genredoc0455,mektub,
Carte_Turche_505,genredoc0456,hükm,
Carte_Turche_506,genredoc0457,hükm,
Carte_Turche_507,genredoc0458,hükm,
Carte_Turche_508,genredoc0459,hükm,
Carte_Turche_509,genredoc0460,mektub,
Carte_Turche_51,genredoc0461,hükm,
Carte_Turche_510,genredoc0462,temessük,
Carte_Turche_511,genredoc0463,hükm,
Carte_Turche_512,genredoc0464,mektub,
Carte_Turche_513,genredoc0465,mektub,
Carte_Turche_514,genredoc0466,hükm,
Carte_Turche_515,genredoc0467,hükm,
Carte_Turche_516,genredoc0468,mektub,
Carte_Turche_517,genredoc0469,hükm,
Carte_Turche_518,genredoc0470,hükm,
Carte_Turche_519,genredoc0471,mektub,
Carte_Turche_52,genredoc0472,hükm,
Carte_Turche_520,genredoc0473,mektub,
Carte_Turche_521,genredoc0474,mektub,
Carte_Turche_522,genredoc0475,mektub,
Carte_Turche_523,genredoc0476,mektub,
Carte_Turche_524,genredoc0477,mektub,
Carte_Turche_525,genredoc0478,hükm,
Carte_Turche_526,genredoc0479,hükm,
Carte_Turche_527,genredoc0480,mektub,
Carte_Turche_528,genredoc0481,hükm,
Carte_Turche_529,genredoc0482,hükm,
Carte_Turche_53,genredoc0483,hükm,
Carte_Turche_530,genredoc0484,hükm,
Carte_Turche_531,genredoc0485,mektub,
Carte_Turche_532,genredoc0486,hükm,
Carte_Turche_533,genredoc0487,hükm,
Carte_Turche_534,genredoc0488,hükm,
Carte_Turche_535,genredoc0489,hükm,
Carte_Turche_536,genredoc0490,mektub,
Carte_Turche_537,genredoc0491,hükm,
Carte_Turche_538,genredoc0492,hükm,
Carte_Turche_539,genredoc0493,mektub,
Carte_Turche_54,genredoc0494,hükm,
Carte_Turche_540,genredoc0495,hükm,
Carte_Turche_541,genredoc0496,hükm,
Carte_Turche_542,genredoc0497,hükm,
Carte_Turche_543,genredoc0498,hükm,
Carte_Turche_544,genredoc0499,mektub,
Carte_Turche_545,genredoc0500,hükm,
Carte_Turche_546,genredoc0501,hükm,
Carte_Turche_547,genredoc0502,mektub,
Carte_Turche_548,genredoc0503,mektub,
Carte_Turche_549,genredoc0504,hükm,
Carte_Turche_55,genredoc0505,hükm,
Carte_Turche_550,genredoc0506,hükm,
Carte_Turche_551,genredoc0507,hükm,
Carte_Turche_552,genredoc0508,hükm,
Carte_Turche_553,genredoc0509,hükm,
Carte_Turche_554,genredoc0510,hükm,
Carte_Turche_555,genredoc0511,hükm,
Carte_Turche_556,genredoc0512,hükm,
Carte_Turche_557,genredoc0513,mektub,
Carte_Turche_558,genredoc0514,hükm,
Carte_Turche_559,genredoc0515,hükm,
Carte_Turche_56,genredoc0516,hükm,
Carte_Turche_560,genredoc0517,mektub,
Carte_Turche_561,genredoc0518,hükm,
Carte_Turche_562,genredoc0519,mektub,
Carte_Turche_563,genredoc0520,hükm,
Carte_Turche_564,genredoc0521,hükm,
Carte_Turche_565,genredoc0522,hükm,
Carte_Turche_566,genredoc0523,tezkire,
Carte_Turche_567,genredoc0524,mektub,
Carte_Turche_568,genredoc0525,hükm,
Carte_Turche_569,genredoc0526,hükm,
Carte_Turche_57,genredoc0527,hükm,
Carte_Turche_570,genredoc0528,hükm,
Carte_Turche_571,genredoc0529,mektub,
Carte_Turche_572,genredoc0530,mektub,
Carte_Turche_573,genredoc0531,hükm,
Carte_Turche_574,genredoc0532,temessük,
Carte_Turche_575,genredoc0533,mektub,
Carte_Turche_576,genredoc0534,hükm,
Carte_Turche_577,genredoc0535,mektub,
Carte_Turche_578,genredoc0536,hükm,
Carte_Turche_579,genredoc0537,hükm,
Carte_Turche_58,genredoc0538,hükm,
Carte_Turche_580,genredoc0539,hükm,
Carte_Turche_581,genredoc0540,hükm,
Carte_Turche_582,genredoc0541,mektub,
Carte_Turche_583,genredoc0542,hükm,
Carte_Turche_584,genredoc0543,hükm,
Carte_Turche_585,genredoc0544,hükm,
Carte_Turche_586,genredoc0545,hükm,
Carte_Turche_587,genredoc0546,hükm,
Carte_Turche_588,genredoc0547,mektub,
Carte_Turche_589,genredoc0548,mektub,
Carte_Turche_59,genredoc0549,hükm,
Carte_Turche_590,genredoc0550,hükm,
Carte_Turche_591,genredoc0551,fetva,
Carte_Turche_592,genredoc0552,hükm,
Carte_Turche_593,genredoc0553,hükm,
Carte_Turche_594,genredoc0554,hükm,
Carte_Turche_595,genredoc0555,hükm,
Carte_Turche_596,genredoc0556,hükm,
Carte_Turche_597,genredoc0557,hükm,
Carte_Turche_598,genredoc0558,hükm,
Carte_Turche_599,genredoc0559,hükm,
Carte_Turche_60,genredoc0560,hükm,
Carte_Turche_600,genredoc0561,hükm,
Carte_Turche_601,genredoc0562,hükm,
Carte_Turche_602,genredoc0563,hükm,
Carte_Turche_603,genredoc0564,hükm,
Carte_Turche_604,genredoc0565,tezkire,
Carte_Turche_605,genredoc0566,hükm,
Carte_Turche_606,genredoc0567,hükm,
Carte_Turche_607,genredoc0568,hükm,
Carte_Turche_608,genredoc0569,hükm,
Carte_Turche_609,genredoc0570,hükm,
Carte_Turche_61,genredoc0571,hükm,
Carte_Turche_610,genredoc0572,hükm,
Carte_Turche_611,genredoc0573,hükm,
Carte_Turche_612,genredoc0574,hükm,
Carte_Turche_613,genredoc0575,hükm,
Carte_Turche_614,genredoc0576,hükm,
Carte_Turche_615,genredoc0577,hükm,
Carte_Turche_616,genredoc0578,hükm,
Carte_Turche_617,genredoc0579,hükm,
Carte_Turche_618,genredoc0580,hükm,
Carte_Turche_619,genredoc0581,hükm,
Carte_Turche_62,genredoc0582,hükm,
Carte_Turche_620,genredoc0583,hükm,
Carte_Turche_621,genredoc0584,hükm,
Carte_Turche_622,genredoc0585,hükm,
Carte_Turche_623,genredoc0586,hükm,
Carte_Turche_624,genredoc0587,hükm,
Carte_Turche_625,genredoc0588,hükm,
Carte_Turche_626,genredoc0589,tezkire,
Carte_Turche_627,genredoc0590,hükm,
Carte_Turche_628,genredoc0591,mektub,
Carte_Turche_629,genredoc0592,hükm,
Carte_Turche_63,genredoc0593,hükm,
Carte_Turche_630,genredoc0594,hükm,
Carte_Turche_631,genredoc0595,hükm,
Carte_Turche_632,genredoc0596,hükm,
Carte_Turche_633,genredoc0597,hükm,
Carte_Turche_634,genredoc0598,temessük,
Carte_Turche_635,genredoc0599,hükm,
Carte_Turche_636,genredoc0600,hükm,
Carte_Turche_637,genredoc0601,hükm,
Carte_Turche_638,genredoc0602,hükm,
Carte_Turche_639,genredoc0603,nişan,
Carte_Turche_64,genredoc0604,hükm,
Carte_Turche_640,genredoc0605,mektub,
Carte_Turche_641,genredoc0606,hükm,
Carte_Turche_642,genredoc0607,hükm,
Carte_Turche_643,genredoc0608,berat,
Carte_Turche_644,genredoc0609,temessük,
Carte_Turche_645,genredoc0610,hükm,
Carte_Turche_646,genredoc0611,hükm,
Carte_Turche_647,genredoc0612,temessük,
Carte_Turche_648,genredoc0613,mektub,
Carte_Turche_649,genredoc0614,hükm,
Carte_Turche_65,genredoc0615,hükm,
Carte_Turche_650,genredoc0616,hükm,
Carte_Turche_651,genredoc0617,hükm,
Carte_Turche_652,genredoc0618,hükm,
Carte_Turche_653,genredoc0619,hükm,
Carte_Turche_654,genredoc0620,hükm,
Carte_Turche_655,genredoc0621,hükm,
Carte_Turche_656,genredoc0622,hükm,
Carte_Turche_657,genredoc0623,hükm,
Carte_Turche_658,genredoc0624,mektub,
Carte_Turche_659,genredoc0625,hükm,
Carte_Turche_66,genredoc0626,hükm,
Carte_Turche_660,genredoc0627,hükm,
Carte_Turche_661,genredoc0628,hükm,
Carte_Turche_662,genredoc0629,hükm,
Carte_Turche_663,genredoc0630,hükm,
Carte_Turche_664,genredoc0631,hükm,
Carte_Turche_665,genredoc0632,hükm,
Carte_Turche_666,genredoc0633,mektub,
Carte_Turche_667,genredoc0634,hükm,
Carte_Turche_668,genredoc0635,hükm,
Carte_Turche_669,genredoc0636,hükm,
Carte_Turche_67,genredoc0637,hükm,
Carte_Turche_670,genredoc0638,hükm,
Carte_Turche_671,genredoc0639,hükm,
Carte_Turche_672,genredoc0640,hükm,
Carte_Turche_673,genredoc0641,hükm,
Carte_Turche_674,genredoc0642,hükm,
Carte_Turche_675,genredoc0643,temessük,
Carte_Turche_676,genredoc0644,hükm,
Carte_Turche_677,genredoc0645,hükm,
Carte_Turche_678,genredoc0646,hükm,
Carte_Turche_679,genredoc0647,hükm,
Carte_Turche_68,genredoc0648,hükm,
Carte_Turche_680,genredoc0649,hükm,
Carte_Turche_681,genredoc0650,hükm,
Carte_Turche_682,genredoc0651,mektub,
Carte_Turche_683,genredoc0652,hükm,
Carte_Turche_684,genredoc0653,berat,
Carte_Turche_685,genredoc0654,hükm,
Carte_Turche_686,genredoc0655,hükm,
Carte_Turche_687,genredoc0656,nişan,
Carte_Turche_688,genredoc0657,temessük,
Carte_Turche_689,genredoc0658,hükm,
Carte_Turche_69,genredoc0659,hükm,
Carte_Turche_690,genredoc0660,hükm,
Carte_Turche_691,genredoc0661,sicil,
Carte_Turche_692,genredoc0662,sicil,
Carte_Turche_693,genredoc0663,mektub,
Carte_Turche_694,genredoc0664,temessük,
Carte_Turche_695,genredoc0665,hükm,
Carte_Turche_696,genredoc0666,hükm,
Carte_Turche_697,genredoc0667,hükm,
Carte_Turche_698,genredoc0668,hükm,
Carte_Turche_699,genredoc0669,hükm,
Carte_Turche_70,genredoc0670,hükm,
Carte_Turche_700,genredoc0671,hükm,
Carte_Turche_701,genredoc0672,hükm,
Carte_Turche_702,genredoc0673,hükm,
Carte_Turche_703,genredoc0674,sicil,
Carte_Turche_704,genredoc0675,sicil,
Carte_Turche_705,genredoc0676,sicil,
Carte_Turche_706,genredoc0677,mektub,
Carte_Turche_707,genredoc0678,mektub,
Carte_Turche_708,genredoc0679,hükm,
Carte_Turche_709,genredoc0680,mektub,
Carte_Turche_71,genredoc0681,hükm,
Carte_Turche_710,genredoc0682,arz,
Carte_Turche_711,genredoc0683,temessük,
Carte_Turche_712,genredoc0684,mektub,
Carte_Turche_713,genredoc0685,sicil,
Carte_Turche_714,genredoc0686,hükm,
Carte_Turche_715,genredoc0687,mektub,
Carte_Turche_716,genredoc0688,sicil,
Carte_Turche_717,genredoc0689,mektub,
Carte_Turche_718,genredoc0690,mektub,
Carte_Turche_719,genredoc0691,sicil,
Carte_Turche_72,genredoc0692,hükm,
Carte_Turche_720,genredoc0693,sicil,
Carte_Turche_721,genredoc0694,hükm,
Carte_Turche_722,genredoc0695,mektub,
Carte_Turche_723,genredoc0696,mektub,
Carte_Turche_724,genredoc0697,hüccet; sicil,
Carte_Turche_725,genredoc0698,sicil,
Carte_Turche_726,genredoc0699,hükm,
Carte_Turche_727,genredoc0700,hükm,
Carte_Turche_728,genredoc0701,hükm,
Carte_Turche_729,genredoc0702,hükm,
Carte_Turche_73,genredoc0703,hükm,
Carte_Turche_730,genredoc0704,hükm,
Carte_Turche_731,genredoc0705,hükm,
Carte_Turche_732,genredoc0706,hükm,
Carte_Turche_733,genredoc0707,hükm,
Carte_Turche_734,genredoc0708,mektub,
Carte_Turche_735,genredoc0709,hükm,
Carte_Turche_736,genredoc0710,hükm,
Carte_Turche_737,genredoc0711,hükm,
Carte_Turche_738,genredoc0712,arz,
Carte_Turche_739,genredoc0713,hükm,
Carte_Turche_74,genredoc0714,hükm,
Carte_Turche_740,genredoc0715,mektub,
Carte_Turche_741,genredoc0716,mektub,
Carte_Turche_742,genredoc0717,sicil,
Carte_Turche_743,genredoc0718,hükm,
Carte_Turche_744,genredoc0719,hükm,
Carte_Turche_745,genredoc0720,hükm,
Carte_Turche_746,genredoc0721,hükm,
Carte_Turche_747,genredoc0722,mektub,
Carte_Turche_748,genredoc0723,mektub,
Carte_Turche_749,genredoc0724,nişan,
Carte_Turche_75,genredoc0725,hükm,
Carte_Turche_750,genredoc0726,hükm,
Carte_Turche_751,genredoc0727,hükm,
Carte_Turche_752,genredoc0728,sicil,
Carte_Turche_753,genredoc0729,hükm,
Carte_Turche_754,genredoc0730,fetva,
Carte_Turche_755,genredoc0731,mektub,
Carte_Turche_756,genredoc0732,hükm,
Carte_Turche_757,genredoc0733,hükm,
Carte_Turche_758,genredoc0734,temessük,
Carte_Turche_759,genredoc0735,arz,
Carte_Turche_76,genredoc0736,hükm,
Carte_Turche_760,genredoc0737,arz,
Carte_Turche_761,genredoc0738,hükm,
Carte_Turche_762,genredoc0739,sicil,
Carte_Turche_763,genredoc0740,mürasele,
Carte_Turche_764,genredoc0741,tezkire,
Carte_Turche_765,genredoc0742,arz,
Carte_Turche_766,genredoc0743,hükm,
Carte_Turche_767,genredoc0744,hükm,
Carte_Turche_768,genredoc0745,mektub,
Carte_Turche_769,genredoc0746,hükm,
Carte_Turche_77,genredoc0747,arz,
Carte_Turche_770,genredoc0748,hükm,
Carte_Turche_771,genredoc0749,arz,
Carte_Turche_772,genredoc0750,arz,
Carte_Turche_773,genredoc0751,sicil,
Carte_Turche_774,genredoc0752,temessük,
Carte_Turche_775,genredoc0753,hükm,
Carte_Turche_776,genredoc0754,mektub,
Carte_Turche_777,genredoc0755,hükm,
Carte_Turche_778,genredoc0756,hükm,
Carte_Turche_779,genredoc0757,hükm,
Carte_Turche_78,genredoc0758,mektub,
Carte_Turche_780,genredoc0759,hükm,
Carte_Turche_781,genredoc0760,nişan,
Carte_Turche_782,genredoc0761,mektub,
Carte_Turche_783,genredoc0762,mektub,
Carte_Turche_784,genredoc0763,hükm,
Carte_Turche_785,genredoc0764,mektub,
Carte_Turche_786,genredoc0765,mektub,
Carte_Turche_787,genredoc0766,mektub,
Carte_Turche_788,genredoc0767,hükm,
Carte_Turche_789,genredoc0768,arz,
Carte_Turche_79,genredoc0769,mektub,
Carte_Turche_790,genredoc0770,arz,
Carte_Turche_791,genredoc0771,hükm,
Carte_Turche_792,genredoc0772,hükm,
Carte_Turche_793,genredoc0773,hükm,
Carte_Turche_794,genredoc0774,arz,
Carte_Turche_795,genredoc0775,hükm,
Carte_Turche_796,genredoc0776,hükm,
Carte_Turche_797,genredoc0777,hükm,
Carte_Turche_798,genredoc0778,hükm,
Carte_Turche_799,genredoc0779,hükm,
Carte_Turche_80,genredoc0780,mektub,
Carte_Turche_800,genredoc0781,hükm,
Carte_Turche_801,genredoc0782,hükm,
Carte_Turche_802,genredoc0783,mektub,
Carte_Turche_803,genredoc0784,hükm,
Carte_Turche_804,genredoc0785,mektub,
Carte_Turche_805,genredoc0786,hükm,
Carte_Turche_806,genredoc0787,hükm,
Carte_Turche_808,genredoc0788,hükm,
Carte_Turche_809,genredoc0789,hükm,
Carte_Turche_81,genredoc0790,mektub,
Carte_Turche_810,genredoc0791,hükm,
Carte_Turche_811,genredoc0792,hükm,
Carte_Turche_812,genredoc0793,hükm,
Carte_Turche_813,genredoc0794,temessük,
Carte_Turche_814,genredoc0795,hükm,
Carte_Turche_815,genredoc0796,hükm,
Carte_Turche_816,genredoc0797,hükm,
Carte_Turche_817,genredoc0798,hükm,
Carte_Turche_818,genredoc0799,hükm,
Carte_Turche_819,genredoc0800,hükm,
Carte_Turche_82,genredoc0801,mektub,
Carte_Turche_820,genredoc0802,hükm,
Carte_Turche_821,genredoc0803,hükm,
Carte_Turche_822,genredoc0804,hükm,
Carte_Turche_823,genredoc0805,mektub,
Carte_Turche_824,genredoc0806,hükm,
Carte_Turche_825,genredoc0807,hükm,
Carte_Turche_826,genredoc0808,mektub,
Carte_Turche_827,genredoc0809,hükm; berat,
Carte_Turche_828,genredoc0810,hükm,
Carte_Turche_829,genredoc0811,hükm,
Carte_Turche_83,genredoc0812,hükm,
Carte_Turche_830,genredoc0813,hükm,
Carte_Turche_831,genredoc0814,hükm,
Carte_Turche_832,genredoc0815,hükm,
Carte_Turche_833,genredoc0816,hükm,
Carte_Turche_834,genredoc0817,hükm,
Carte_Turche_835,genredoc0818,nişan,
Carte_Turche_836,genredoc0819,hükm,
Carte_Turche_837,genredoc0820,hükm,
Carte_Turche_838,genredoc0821,mektub,
Carte_Turche_839,genredoc0822,hükm,
Carte_Turche_84,genredoc0823,hükm,
Carte_Turche_840,genredoc0824,mektub,
Carte_Turche_841,genredoc0825,mektub,
Carte_Turche_843,genredoc0826,sicil,
Carte_Turche_844,genredoc0827,mektub,
Carte_Turche_845,genredoc0828,hükm; mektub,
Carte_Turche_846,genredoc0829,hükm; mektub,
Carte_Turche_847,genredoc0830,hükm,
Carte_Turche_848,genredoc0831,hükm,
Carte_Turche_849,genredoc0832,mektub,
Carte_Turche_85,genredoc0833,hükm,
Carte_Turche_850,genredoc0834,arz,
Carte_Turche_851,genredoc0835,mektub,
Carte_Turche_852,genredoc0836,mektub,
Carte_Turche_853,genredoc0837,mektub,
Carte_Turche_854,genredoc0838,mektub,
Carte_Turche_855,genredoc0839,mektub,
Carte_Turche_856,genredoc0840,mektub,
Carte_Turche_857,genredoc0841,hükm,
Carte_Turche_858,genredoc0842,nişan,
Carte_Turche_859,genredoc0843,hükm,
Carte_Turche_86,genredoc0844,hükm,
Carte_Turche_860,genredoc0845,hükm,
Carte_Turche_861,genredoc0846,hükm,
Carte_Turche_862,genredoc0847,hükm,
Carte_Turche_863,genredoc0848,hükm,
Carte_Turche_864,genredoc0849,hükm,
Carte_Turche_865,genredoc0850,hükm,
Carte_Turche_866,genredoc0851,nişan,
Carte_Turche_867,genredoc0852,hükm,
Carte_Turche_868,genredoc0853,hükm,
Carte_Turche_869,genredoc0854,hükm,
Carte_Turche_87,genredoc0855,hükm,
Carte_Turche_870,genredoc0856,hükm,
Carte_Turche_871,genredoc0857,hükm,
Carte_Turche_872,genredoc0858,hükm,
Carte_Turche_873,genredoc0859,hükm,
Carte_Turche_874,genredoc0860,hükm,
Carte_Turche_875,genredoc0861,hükm,
Carte_Turche_876,genredoc0862,hükm,
Carte_Turche_877,genredoc0863,hükm,
Carte_Turche_878,genredoc0864,hükm,
Carte_Turche_879,genredoc0865,hükm,
Carte_Turche_88,genredoc0866,hükm,
Carte_Turche_880,genredoc0867,hükm,
Carte_Turche_881,genredoc0868,hükm,
Carte_Turche_882,genredoc0869,hükm,
Carte_Turche_883,genredoc0870,hükm,
Carte_Turche_884,genredoc0871,hükm,
Carte_Turche_885,genredoc0872,hükm,
Carte_Turche_886,genredoc0873,hükm,
Carte_Turche_887,genredoc0874,hükm,
Carte_Turche_888,genredoc0875,hükm,
Carte_Turche_889,genredoc0876,hükm,
Carte_Turche_89,genredoc0877,hükm,
Carte_Turche_890,genredoc0878,hükm,
Carte_Turche_891,genredoc0879,hükm,
Carte_Turche_892,genredoc0880,hükm,
Carte_Turche_893,genredoc0881,hükm,
Carte_Turche_894,genredoc0882,hükm,
Carte_Turche_895,genredoc0883,hükm,
Carte_Turche_896,genredoc0884,hükm,
Carte_Turche_897,genredoc0885,hükm,
Carte_Turche_898,genredoc0886,hükm,
Carte_Turche_899,genredoc0887,hükm,
Carte_Turche_90,genredoc0888,hükm,
Carte_Turche_900,genredoc0889,hükm,
Carte_Turche_901,genredoc0890,hükm,
Carte_Turche_902,genredoc0891,hükm,
Carte_Turche_903,genredoc0892,hükm,
Carte_Turche_904,genredoc0893,hükm,
Carte_Turche_905,genredoc0894,hükm,
Carte_Turche_906,genredoc0895,hükm,
Carte_Turche_907,genredoc0896,hükm,
Carte_Turche_908,genredoc0897,hükm,
Carte_Turche_909,genredoc0898,nişan,
Carte_Turche_91,genredoc0899,hükm,
Carte_Turche_910,genredoc0900,hükm,
Carte_Turche_911,genredoc0901,hükm,
Carte_Turche_912,genredoc0902,hükm,
Carte_Turche_913,genredoc0903,hükm,
Carte_Turche_914,genredoc0904,hükm,
Carte_Turche_915,genredoc0905,hükm,
Carte_Turche_916,genredoc0906,hükm,
Carte_Turche_917,genredoc0907,hükm,
Carte_Turche_918,genredoc0908,hükm,
Carte_Turche_919,genredoc0909,hükm,
Carte_Turche_92,genredoc0910,hükm,
Carte_Turche_920,genredoc0911,hükm,
Carte_Turche_921,genredoc0912,hükm,
Carte_Turche_922,genredoc0913,hükm,
Carte_Turche_923,genredoc0914,hükm,
Carte_Turche_924,genredoc0915,hükm,
Carte_Turche_925,genredoc0916,hükm,
Carte_Turche_926,genredoc0917,hükm,
Carte_Turche_927,genredoc0918,hükm,
Carte_Turche_928,genredoc0919,nişan,
Carte_Turche_929,genredoc0920,hükm,
Carte_Turche_93,genredoc0921,hükm,
Carte_Turche_94,genredoc0922,mektub,
Carte_Turche_95,genredoc0923,mektub,
Carte_Turche_96,genredoc0924,fetva,
Carte_Turche_97,genredoc0925,hükm,
Carte_Turche_98,genredoc0926,hükm,
Carte_Turche_99,genredoc0927,nişan,
doc_italian_001,genredoc0928,commandamento,
doc_italian_005,genredoc0929,commandamento,
doc_italian_007,genredoc0930,commandamento,
doc_italian_008,genredoc0931,polizza,
doc_italian_009,genredoc0932,lettera,
doc_italian_010,genredoc0933,commandamento,
doc_italian_011,genredoc0934,commandamento,
doc_italian_012,genredoc0935,commandamento,
doc_italian_013,genredoc0936,commandamento,
doc_italian_014,genredoc0937,commandamento,
doc_italian_015,genredoc0938,commandamento,
doc_italian_016,genredoc0939,commandamento,
doc_italian_017,genredoc0940,commandamento,
doc_italian_018,genredoc0941,commandamento,
doc_italian_019,genredoc0942,commandamento,
doc_italian_020,genredoc0943,commandamento,
doc_italian_021,genredoc0944,polizza,[order]
doc_italian_022,genredoc0945,commandamento,
doc_italian_023,genredoc0946,lettera,
doc_italian_024,genredoc0947,commandamento,
doc_italian_025,genredoc0948,commandamento,
doc_italian_026,genredoc0949,commandamento,
doc_italian_027,genredoc0950,commandamento,
doc_italian_028,genredoc0951,commandamento,
doc_italian_029,genredoc0952,commandamento,
doc_italian_030,genredoc0953,arz,
doc_italian_031,genredoc0954,coggetto,
doc_italian_032,genredoc0955,coggetto,
doc_italian_033,genredoc0956,commandamento,
doc_italian_034,genredoc0957,commandamento,
doc_italian_036,genredoc0958,commandamento,
doc_italian_037,genredoc0959,commandamento,
doc_italian_038,genredoc0960,commandamento,
doc_italian_039,genredoc0961,commandamento,
doc_italian_040,genredoc0962,commandamento,
doc_italian_041,genredoc0963,commandamento,
doc_italian_042,genredoc0964,scrittura,
doc_italian_043,genredoc0965,commandamento,
doc_italian_044,genredoc0966,temessük,court record?
doc_italian_045,genredoc0967,scrittura,
doc_italian_046,genredoc0968,scrittura,
doc_italian_047,genredoc0969,commandamento; temessük,
doc_italian_048,genredoc0970,commandamento; temessük,
doc_italian_049,genredoc0971,Ordine; Comandamento; temessük,
doc_italian_050,genredoc0972,commandamento; temessük,
doc_italian_051,genredoc0973,temesssük,Imperial Commandamento
doc_italian_052,genredoc0974,temesssük,Imperial ordine
doc_italian_054,genredoc0975,lettera; mektub,
doc_italian_055,genredoc0976,commandamento; nişan,
doc_italian_056,genredoc0977,segno imperiale,
doc_italian_057,genredoc0978,segno imperiale,
doc_italian_061,genredoc0979,fetva,
doc_italian_062,genredoc0980,temesssük,Imperial ordine
doc_italian_063,genredoc0981,temessük,pension
doc_italian_064,genredoc0982,ricevuta; temessük,
doc_italian_065,genredoc0983,arz,
doc_italian_066,genredoc0984,arz,
doc_italian_067,genredoc0985,buiurdi,
doc_italian_068,genredoc0986,coggetto,
doc_italian_069,genredoc0987,lettera,
doc_italian_070,genredoc0988,commandamento,
doc_italian_071,genredoc0989,coggetto,
doc_italian_072,genredoc0990,commandamento,
doc_italian_073,genredoc0991,commandamento,
doc_italian_074,genredoc0992,commandamento,
doc_italian_075,genredoc0993,commandamento,
doc_italian_076,genredoc0994,commandamento,
doc_italian_080,genredoc0995,commandamento,
doc_italian_081,genredoc0996,commandamento,
doc_italian_082,genredoc0997,commandamento,
doc_italian_083,genredoc0998,commandamento,
doc_italian_084,genredoc0999,commandamento,
doc_italian_085,genredoc1000,commandamento,
doc_italian_086,genredoc1001,commandamento,
doc_italian_087,genredoc1002,commandamento,
doc_italian_088,genredoc1003,commandamento,
doc_italian_089,genredoc1004,ahdname,
doc_italian_090,genredoc1005,commandamento,
doc_italian_091,genredoc1006,commandamento,
doc_italian_092,genredoc1007,commandamento,
doc_italian_093,genredoc1008,commandamento,
doc_italian_094,genredoc1009,commandamento,
doc_italian_095,genredoc1010,commandamento,
doc_italian_096,genredoc1011,commandamento,
doc_italian_097,genredoc1012,commandamento,
doc_italian_098,genredoc1013,commandamento,
doc_italian_099,genredoc1014,commandamento,
doc_italian_100,genredoc1015,commandamento,
doc_italian_101,genredoc1016,commandamento,
Echnebi_Defteri_144,genredoc1017,,violence